/*
SQLyog Community v13.1.1 (64 bit)
MySQL - 10.3.15-MariaDB : Database - hanzo
*********************************************************************
*/

/*!40101 SET NAMES utf8 */;

/*!40101 SET SQL_MODE=''*/;

/*!40014 SET @OLD_UNIQUE_CHECKS=@@UNIQUE_CHECKS, UNIQUE_CHECKS=0 */;
/*!40014 SET @OLD_FOREIGN_KEY_CHECKS=@@FOREIGN_KEY_CHECKS, FOREIGN_KEY_CHECKS=0 */;
/*!40101 SET @OLD_SQL_MODE=@@SQL_MODE, SQL_MODE='NO_AUTO_VALUE_ON_ZERO' */;
/*!40111 SET @OLD_SQL_NOTES=@@SQL_NOTES, SQL_NOTES=0 */;
CREATE DATABASE /*!32312 IF NOT EXISTS*/`hanzo` /*!40100 DEFAULT CHARACTER SET utf8 */;

USE `hanzo`;

/*Table structure for table `branchs` */

DROP TABLE IF EXISTS `branchs`;

CREATE TABLE `branchs` (
  `id` bigint(20) unsigned NOT NULL AUTO_INCREMENT,
  `name` varchar(255) COLLATE utf8mb4_unicode_ci NOT NULL,
  `country` varchar(255) COLLATE utf8mb4_unicode_ci NOT NULL,
  `city` varchar(255) COLLATE utf8mb4_unicode_ci NOT NULL,
  `picture` varchar(255) COLLATE utf8mb4_unicode_ci NOT NULL,
  `owner_id` int(11) NOT NULL,
  `manager_id` int(11) DEFAULT NULL,
  `created_at` timestamp NULL DEFAULT NULL,
  `updated_at` timestamp NULL DEFAULT NULL,
  PRIMARY KEY (`id`)
) ENGINE=InnoDB DEFAULT CHARSET=utf8mb4 COLLATE=utf8mb4_unicode_ci;

/*Data for the table `branchs` */

/*Table structure for table `brands` */

DROP TABLE IF EXISTS `brands`;

CREATE TABLE `brands` (
  `id` bigint(20) unsigned NOT NULL AUTO_INCREMENT,
  `url` varchar(255) COLLATE utf8mb4_unicode_ci NOT NULL,
  `owner_id` int(11) NOT NULL,
  `created_at` timestamp NULL DEFAULT NULL,
  `updated_at` timestamp NULL DEFAULT NULL,
  PRIMARY KEY (`id`)
) ENGINE=InnoDB DEFAULT CHARSET=utf8mb4 COLLATE=utf8mb4_unicode_ci;

/*Data for the table `brands` */

/*Table structure for table `companyinfos` */

DROP TABLE IF EXISTS `companyinfos`;

CREATE TABLE `companyinfos` (
  `id` bigint(20) unsigned NOT NULL AUTO_INCREMENT,
  `name` varchar(255) COLLATE utf8mb4_unicode_ci NOT NULL,
  `url` varchar(255) COLLATE utf8mb4_unicode_ci NOT NULL,
  `category_id` int(11) NOT NULL,
  `owner_id` int(11) NOT NULL,
  `created_at` timestamp NULL DEFAULT NULL,
  `updated_at` timestamp NULL DEFAULT NULL,
  PRIMARY KEY (`id`)
) ENGINE=InnoDB AUTO_INCREMENT=11 DEFAULT CHARSET=utf8mb4 COLLATE=utf8mb4_unicode_ci;

/*Data for the table `companyinfos` */

insert  into `companyinfos`(`id`,`name`,`url`,`category_id`,`owner_id`,`created_at`,`updated_at`) values 
(1,'Logo','',0,1,'2021-06-09 11:06:37','2021-06-09 11:06:37'),
(2,'FaceBook','',1,1,'2021-06-09 11:06:38','2021-06-09 11:06:38'),
(3,'Instagram','',2,1,'2021-06-09 11:06:38','2021-06-09 11:06:38'),
(4,'Twitter','',3,1,'2021-06-09 11:06:38','2021-06-09 11:06:38'),
(5,'LinkedIn','',4,1,'2021-06-09 11:06:38','2021-06-09 11:06:38'),
(6,'Logo','',0,2,'2021-06-09 14:35:37','2021-06-09 14:35:37'),
(7,'FaceBook','',1,2,'2021-06-09 14:35:38','2021-06-09 14:35:38'),
(8,'Instagram','',2,2,'2021-06-09 14:35:38','2021-06-09 14:35:38'),
(9,'Twitter','',3,2,'2021-06-09 14:35:38','2021-06-09 14:35:38'),
(10,'LinkedIn','',4,2,'2021-06-09 14:35:38','2021-06-09 14:35:38');

/*Table structure for table `devices` */

DROP TABLE IF EXISTS `devices`;

CREATE TABLE `devices` (
  `id` bigint(20) unsigned NOT NULL AUTO_INCREMENT,
  `name` varchar(255) COLLATE utf8mb4_unicode_ci NOT NULL,
  `mac_num` varchar(255) COLLATE utf8mb4_unicode_ci NOT NULL,
  `branch_id` int(11) NOT NULL,
  `owner_id` int(11) NOT NULL,
  `created_at` timestamp NULL DEFAULT NULL,
  `updated_at` timestamp NULL DEFAULT NULL,
  PRIMARY KEY (`id`)
) ENGINE=InnoDB DEFAULT CHARSET=utf8mb4 COLLATE=utf8mb4_unicode_ci;

/*Data for the table `devices` */

/*Table structure for table `languages` */

DROP TABLE IF EXISTS `languages`;

CREATE TABLE `languages` (
  `id` bigint(20) unsigned NOT NULL AUTO_INCREMENT,
  `name` varchar(255) COLLATE utf8mb4_unicode_ci NOT NULL,
  `code` varchar(255) COLLATE utf8mb4_unicode_ci NOT NULL,
  `flag` varchar(255) COLLATE utf8mb4_unicode_ci NOT NULL,
  `created_at` timestamp NULL DEFAULT NULL,
  `updated_at` timestamp NULL DEFAULT NULL,
  PRIMARY KEY (`id`)
) ENGINE=InnoDB DEFAULT CHARSET=utf8mb4 COLLATE=utf8mb4_unicode_ci;

/*Data for the table `languages` */

/*Table structure for table `migrations` */

DROP TABLE IF EXISTS `migrations`;

CREATE TABLE `migrations` (
  `id` int(10) unsigned NOT NULL AUTO_INCREMENT,
  `migration` varchar(255) COLLATE utf8mb4_unicode_ci NOT NULL,
  `batch` int(11) NOT NULL,
  PRIMARY KEY (`id`)
) ENGINE=InnoDB AUTO_INCREMENT=55 DEFAULT CHARSET=utf8mb4 COLLATE=utf8mb4_unicode_ci;

/*Data for the table `migrations` */

insert  into `migrations`(`id`,`migration`,`batch`) values 
(1,'2014_10_12_000000_create_users_table',1),
(2,'2014_10_12_100000_create_password_resets_table',1),
(3,'2016_06_01_000001_create_oauth_auth_codes_table',1),
(4,'2016_06_01_000002_create_oauth_access_tokens_table',1),
(5,'2016_06_01_000003_create_oauth_refresh_tokens_table',1),
(6,'2016_06_01_000004_create_oauth_clients_table',1),
(7,'2016_06_01_000005_create_oauth_personal_access_clients_table',1),
(8,'2017_04_16_082056_surveys_table',1),
(9,'2017_04_26_164340_questions_table',1),
(10,'2017_08_19_052517_answers_table',1),
(11,'2020_02_08_231127_sses_table',1),
(12,'2021_03_14_073011_roles_table',1),
(13,'2021_03_14_181857_create_branchs_table',1),
(14,'2021_03_14_182124_create_devices_table',1),
(15,'2021_03_14_182328_create_companyinfos_table',1),
(16,'2021_03_14_182637_create_brands_table',1),
(17,'2021_03_14_183534_create_rating_cat_table',1),
(18,'2021_03_14_183920_create_ratings_table',1),
(19,'2021_03_14_184429_update_surveys_table',1),
(20,'2021_03_14_190651_update_questions_table',1),
(21,'2021_03_14_192801_update_users_table',1),
(22,'2021_03_14_193127_delete_roles_table',1),
(23,'2021_03_14_193614_delete_sses_table',1),
(24,'2021_03_15_052306_add_field_users_table',1),
(25,'2021_03_15_080746_remove_template_from_survey_table',1),
(26,'2021_03_15_082124_remove_status_from_surveys_table',1),
(27,'2021_03_15_082356_create_template_tables',1),
(28,'2021_03_15_170505_add_status_to_survey_table',1),
(29,'2021_03_15_174557_add_uuid_to_survey_table',1),
(30,'2021_03_17_155345_add_parent_id_to_users_table',1),
(31,'2021_03_18_065024_add_owner_id_to_branchs_table',1),
(32,'2021_03_18_172404_delete_status_rating_table',1),
(33,'2021_03_19_041409_delete_field_brand_table',1),
(34,'2021_03_19_060750_update_template_table',1),
(35,'2021_03_19_104543_create_languages_table',1),
(36,'2021_03_19_150515_delete_active_questions',1),
(37,'2021_03_19_150721_delete_some_field_answer',1),
(38,'2021_03_19_174029_delete_uuid_survey',1),
(39,'2021_03_19_181310_delete_answer_table',1),
(40,'2021_03_19_181535_add_answer_question',1),
(41,'2021_03_20_104445_add_status_to_templates_table',1),
(42,'2021_03_20_184525_add_owner_id_to_ratings_table',1),
(43,'2021_03_20_193214_add_owner_id_to_brands_table',1),
(44,'2021_03_20_193445_add_owner_id_to_companyinfos_table',1),
(45,'2021_03_20_193551_add_owner_id_to_devices_table',1),
(46,'2021_03_20_193736_add_owner_id_to_template_table',1),
(47,'2021_03_20_232515_create_polls_table',1),
(48,'2021_03_20_234801_add_status_to_ratings_table',1),
(49,'2021_03_21_100019_add_connection_users_table',1),
(50,'2021_03_22_034933_drop_score_from_polls_table',1),
(51,'2021_03_22_035153_add_score_to_polls_table',1),
(52,'2021_03_23_071512_add_class_to_questions_table',1),
(53,'2021_03_23_082915_add_detail_scores_to_polls_table',1),
(54,'2021_03_24_060138_add_column_sig_permin_to_users_table',1);

/*Table structure for table `musics` */

DROP TABLE IF EXISTS `musics`;

CREATE TABLE `musics` (
  `id` int(11) NOT NULL AUTO_INCREMENT,
  `url` varchar(255) DEFAULT NULL,
  `title` varchar(255) DEFAULT NULL,
  `type` varchar(255) DEFAULT NULL,
  `album` varchar(255) DEFAULT NULL,
  `artist` varchar(255) DEFAULT NULL,
  `artwork` varchar(255) DEFAULT NULL,
  PRIMARY KEY (`id`)
) ENGINE=InnoDB AUTO_INCREMENT=8 DEFAULT CHARSET=utf8;

/*Data for the table `musics` */

insert  into `musics`(`id`,`url`,`title`,`type`,`album`,`artist`,`artwork`) values 
(2,'https://audio-previews.elements.envatousercontent.com/files/103682271/preview.mp3','New Title',NULL,'My Album','Liu Xing','https://picsum.photos/100'),
(3,'https://audio-previews.​elements.envatousercontent.com/files/145697891/preview.mp3','Title 1',NULL,'New Album','Denis Tuktarov','https://picsum.photos/100/100'),
(4,'https://audio-previews.elements.​envatousercontent.com/files/36382535/preview.mp3','Title 2',NULL,'New Album','Jame Bohnd','https://picsum.photos/100/100'),
(5,' https://​audio-previews.elements.envatousercontent.com/files/86012787/preview.mp3','Title 3',NULL,'New Album','Denis Tuktarov','https://picsum.photos/100/100'),
(7,'https://audio-previews.​elements.envatousercontent.com/files/125602550/preview.mp3','Title 4',NULL,'New Album','Magus Coronus','https://picsum.photos/100/100');

/*Table structure for table `oauth_access_tokens` */

DROP TABLE IF EXISTS `oauth_access_tokens`;

CREATE TABLE `oauth_access_tokens` (
  `id` varchar(100) COLLATE utf8mb4_unicode_ci NOT NULL,
  `user_id` bigint(20) unsigned DEFAULT NULL,
  `client_id` bigint(20) unsigned NOT NULL,
  `name` varchar(255) COLLATE utf8mb4_unicode_ci DEFAULT NULL,
  `scopes` text COLLATE utf8mb4_unicode_ci DEFAULT NULL,
  `revoked` tinyint(1) NOT NULL,
  `created_at` timestamp NULL DEFAULT NULL,
  `updated_at` timestamp NULL DEFAULT NULL,
  `expires_at` datetime DEFAULT NULL,
  PRIMARY KEY (`id`),
  KEY `oauth_access_tokens_user_id_index` (`user_id`)
) ENGINE=InnoDB DEFAULT CHARSET=utf8mb4 COLLATE=utf8mb4_unicode_ci;

/*Data for the table `oauth_access_tokens` */

insert  into `oauth_access_tokens`(`id`,`user_id`,`client_id`,`name`,`scopes`,`revoked`,`created_at`,`updated_at`,`expires_at`) values 
('00698829852a92223d35cb4d9efb071ae5e5163b6d82adff5a7629a3e2a396ca24a72cf28ede85b1',1,1,'TutsForWeb','[]',0,'2021-06-09 12:12:33','2021-06-09 12:12:33','2022-06-09 12:12:33'),
('0072028be77816fde37874786d70bc5b8435a9db4c40e12d0c4178a87c06219c71162f0c09bfa382',1,1,'TutsForWeb','[]',0,'2021-06-09 12:32:25','2021-06-09 12:32:25','2022-06-09 12:32:25'),
('00ceebd3d56eecc3079499877f1c54705ace262e798a2eba79285d8108044bc607a3823495217e90',1,1,'TutsForWeb','[]',0,'2021-06-10 16:34:36','2021-06-10 16:34:36','2022-06-10 16:34:36'),
('01d02e35c406edf6a5fbd859bbd1261b92735dcfa9e40e81bb3973112e6faabbe20ea68593daa966',1,1,'TutsForWeb','[]',0,'2021-06-11 07:03:58','2021-06-11 07:03:58','2022-06-11 07:03:58'),
('02f6e2a40f270aa70837b6374c4b12c547a89e0e8e195e8de10efe14c06b8c28e6ef63c57228ac56',1,1,'TutsForWeb','[]',0,'2021-06-11 07:10:34','2021-06-11 07:10:34','2022-06-11 07:10:34'),
('033dae71c79a263625db6639f40950d3a889d737bcd5ed80552973327e10176c805a399a3d6c6ccb',1,1,'TutsForWeb','[]',0,'2021-06-10 14:25:25','2021-06-10 14:25:25','2022-06-10 14:25:25'),
('03a7ec4111051df5ec6359fa033d7b661a2e18649cd54e328fd906946b6fafad549eede3d0a68abe',1,1,'TutsForWeb','[]',0,'2021-06-10 19:42:49','2021-06-10 19:42:49','2022-06-10 19:42:49'),
('058e71b187deff264382881e00f6fb363faec42acc000dad2112e1bb4599941c355d749e0cb6b53e',1,1,'TutsForWeb','[]',0,'2021-06-11 06:19:42','2021-06-11 06:19:42','2022-06-11 06:19:42'),
('05bfc9fa6230c4f4a8c52f4516dde1f16207eb74b288b52ef848b0ae468b18beee079035a278567d',1,1,'TutsForWeb','[]',0,'2021-06-10 18:20:16','2021-06-10 18:20:16','2022-06-10 18:20:16'),
('05fd22eba8b9efeed165fcca87db6594386b7b3223dde1b52be7d46ae672f1dc512b2e7cdab7f774',1,1,'TutsForWeb','[]',0,'2021-06-11 16:31:49','2021-06-11 16:31:49','2022-06-11 16:31:49'),
('0764983ab78b91cdfe564a7c748f0248e8af280bd258c45be66865e1f45b9b5ffcb7eff54aa0b12a',2,1,'TutsForWeb','[]',0,'2021-06-10 20:18:44','2021-06-10 20:18:44','2022-06-10 20:18:44'),
('07a3f97c727951fbd78ab2ae3ec0cb9691e4c6041e9ca82f4ee1b31b8b7ee439cdfd2b38345cfbb9',1,1,'TutsForWeb','[]',0,'2021-06-12 08:45:26','2021-06-12 08:45:26','2022-06-12 08:45:26'),
('081f7a729aea06fa4dbb4be84c3ba358006d241c9d19caecdc928b836f1bd47ed2e5d78f4d8a5d77',1,1,'TutsForWeb','[]',0,'2021-06-11 08:35:50','2021-06-11 08:35:50','2022-06-11 08:35:50'),
('08de86bdf5c4e9d6ee44cc35bd605b947198dd6f1d2d48d833fa7fa65b36e26c2c03a8725432feb4',1,1,'TutsForWeb','[]',0,'2021-06-10 15:55:35','2021-06-10 15:55:35','2022-06-10 15:55:35'),
('0af6129b7f381c49045280a31eb3f4f5bb3272321440837cb099ea110f950417b08acbc22a74881d',1,1,'TutsForWeb','[]',0,'2021-06-11 05:30:25','2021-06-11 05:30:25','2022-06-11 05:30:25'),
('0e098890114dc88e1fbda5e7c23b87f2ac436838367d02b1119e6f4e63c0492882e1dc23dc3f5c01',1,1,'TutsForWeb','[]',0,'2021-06-12 07:25:39','2021-06-12 07:25:39','2022-06-12 07:25:39'),
('0e0b2acfedbab1920d7709101f95b4c5d7afd88bea8219ae63969caa2b0995b51abb38d2e80de916',1,1,'TutsForWeb','[]',0,'2021-06-12 08:49:32','2021-06-12 08:49:32','2022-06-12 08:49:32'),
('0f03e5ad150ec1d1cba6daac7ae9cd60e5ac9d8d466e0a8fc159082fdd369e331d5359148beb38ab',1,1,'TutsForWeb','[]',0,'2021-06-12 09:54:31','2021-06-12 09:54:31','2022-06-12 09:54:31'),
('0fcc9c8def2d2d9f1f3523238f8d55a14493356f4362b735d6523667a798e922b2024257d0a54de0',1,1,'TutsForWeb','[]',0,'2021-06-10 17:58:56','2021-06-10 17:58:56','2022-06-10 17:58:56'),
('1307f57853badbea903242989f4a7d8d4881c0e7eef5dd9d3c15feb06e82e19158d4d3e7875293e1',1,1,'TutsForWeb','[]',0,'2021-06-12 09:03:14','2021-06-12 09:03:14','2022-06-12 09:03:14'),
('135de36765896b5ec8cae600963b5700e95cc1273d17950736c31a17fbb9e46c5d847743c21b3ed1',2,1,'TutsForWeb','[]',0,'2021-06-10 20:13:58','2021-06-10 20:13:58','2022-06-10 20:13:58'),
('1705a1285718203e8a9fc0c26a597655703eb80ab02aa8fbe3d6639353e580bf453336190c9a1d70',1,1,'TutsForWeb','[]',0,'2021-06-12 08:53:30','2021-06-12 08:53:30','2022-06-12 08:53:30'),
('17ea7d7dcfd5337506cf86b8686cefbba75d1b77e5948f03f27009d0d55f87af84e7d24632fb88d7',1,1,'TutsForWeb','[]',0,'2021-06-11 07:45:23','2021-06-11 07:45:23','2022-06-11 07:45:23'),
('1a55fd6dc28c632f4d9186f4fca7d13fa3c96d3919832e23e71f60919247f1d3d6af901967ca0fed',1,1,'TutsForWeb','[]',0,'2021-06-10 08:40:58','2021-06-10 08:40:58','2022-06-10 08:40:58'),
('1a9cf3ca20ab505d0a5b2a794cd833ca490545fae1c48e0913fdb278660a0ba4ce18dc9e5b4763b1',1,1,'TutsForWeb','[]',0,'2021-06-11 07:39:53','2021-06-11 07:39:53','2022-06-11 07:39:53'),
('1accdb3ec2ad5c484c388edfe7edf74c5aafa4b66ee1bd2263d4fd3ec0118670e9b8813f2f7e57e4',1,1,'TutsForWeb','[]',0,'2021-06-10 18:54:55','2021-06-10 18:54:55','2022-06-10 18:54:55'),
('1addc0f9110f6202e436a5211809ab65df40651cc5f4e52c66f88c8d194b1fa6159a12dc0942fd17',1,1,'TutsForWeb','[]',0,'2021-06-11 03:54:13','2021-06-11 03:54:13','2022-06-11 03:54:13'),
('1bdeee71945e136bc3adbd0bf293808fc5bc0809c543d671b1c13eea84a1f629dfdaa9d1aa9966d3',1,1,'TutsForWeb','[]',0,'2021-06-09 11:45:35','2021-06-09 11:45:35','2022-06-09 11:45:35'),
('1ca779c8e8f9da0f17cbed7d5c808e2a058a1e0ac7e0fbdb71c95502e3ecac05e385537854dc95a4',1,1,'TutsForWeb','[]',0,'2021-06-09 12:08:57','2021-06-09 12:08:57','2022-06-09 12:08:57'),
('1ce39484efe073d1626683bce3e7815531a2dca487df56b67912fed194845684c8b16aa7fd659620',1,1,'TutsForWeb','[]',0,'2021-06-10 09:07:12','2021-06-10 09:07:12','2022-06-10 09:07:12'),
('1e10def3d96645176cf732d2bc58bc0a863a3cb6e4b347b217d75e49e46e210aa48dc5fa0c9d350a',1,1,'TutsForWeb','[]',0,'2021-06-12 08:55:21','2021-06-12 08:55:21','2022-06-12 08:55:21'),
('1e8f64ac38ecc566dc674c52033af6217fed0ba447dd4b5a53b85cdca4308a66fadceff80760287f',1,1,'TutsForWeb','[]',0,'2021-06-09 11:32:21','2021-06-09 11:32:21','2022-06-09 11:32:21'),
('1e981e90e5bd9d9d3248d60d65eb81d845ef0de0d4f6ca4b4db16a83749df330290e348c75f37e14',1,1,'TutsForWeb','[]',0,'2021-06-10 16:50:20','2021-06-10 16:50:20','2022-06-10 16:50:20'),
('21b70b8e49c8fae5cca207183be0e800367d347842a9077638bb2a8db9b52e49ec410597ac7c2f4d',1,1,'TutsForWeb','[]',0,'2021-06-10 09:01:52','2021-06-10 09:01:52','2022-06-10 09:01:52'),
('2277e8a97c13c34120cd28ad5a501cac3a2d7fe98d50d70680fce24c71beeae1dd4062b880dd9f3d',1,1,'TutsForWeb','[]',0,'2021-06-10 08:22:08','2021-06-10 08:22:08','2022-06-10 08:22:08'),
('23409167e8e42a2520b454f89786b01cd38d2c109683bd824a005ba340912dbf3564f66c8d87d9ca',1,1,'TutsForWeb','[]',0,'2021-06-09 12:10:34','2021-06-09 12:10:34','2022-06-09 12:10:34'),
('2494aec7d7bf1e846c6c72d68c1553f17070ebbf3a1703418a368df7dbd104aa89090b5393804172',1,1,'TutsForWeb','[]',0,'2021-06-10 18:21:16','2021-06-10 18:21:16','2022-06-10 18:21:16'),
('2548708ba159c66fdf595ec5c89f86779b1a3be02281bcbdfc3c80e2ef8ba520bb2cc177a3b4545b',1,1,'TutsForWeb','[]',0,'2021-06-10 11:54:19','2021-06-10 11:54:19','2022-06-10 11:54:19'),
('259a857fd5fcf555fc9ea5f0d4038dd546c335cdd65554e016abaae63c2e5bbd829d67c1c1eec833',1,1,'TutsForWeb','[]',0,'2021-06-10 13:18:33','2021-06-10 13:18:33','2022-06-10 13:18:33'),
('279ef4c365d53b91af0c9e97dae09f51f8942448c277395d7af0e75bc137d33aaa6578d570301415',1,1,'TutsForWeb','[]',0,'2021-06-11 05:33:46','2021-06-11 05:33:46','2022-06-11 05:33:46'),
('284ae299613b315bffdb040a42b24c3eb0e0e098d8b765f59a8f1754a50f7cc0e6aac2d1fd564d2a',1,1,'TutsForWeb','[]',0,'2021-06-10 15:52:42','2021-06-10 15:52:42','2022-06-10 15:52:42'),
('289d90c7db7fd64682b7ee9f1d2184011b17794d10ba15fd00e50500e67451e1d4bf3913d39f6a4e',1,1,'TutsForWeb','[]',0,'2021-06-10 08:13:43','2021-06-10 08:13:43','2022-06-10 08:13:43'),
('2a90a1a1dd3fa83f5c751df2a9a977561c4d2e569e1ebfb1db30b240df09f756e1801e97958c1132',1,1,'TutsForWeb','[]',0,'2021-06-12 05:52:05','2021-06-12 05:52:05','2022-06-12 05:52:05'),
('2afe147d4532f52ca299cdd741a1390d26426a7154b72f7925184eb50abc065c4f832c732a3cad96',1,1,'TutsForWeb','[]',0,'2021-06-09 11:46:50','2021-06-09 11:46:50','2022-06-09 11:46:50'),
('2dc6c4d15db124e4d88c8a04c2c7db1603de0bce879ff5f7ea98cd9752fe791cb9ca36915eab7855',1,1,'TutsForWeb','[]',0,'2021-06-10 20:13:23','2021-06-10 20:13:23','2022-06-10 20:13:23'),
('309b6965b93c4cd6ac7e4bcb77274b9552b858519b0e7878c44804e49431722ab095e7fff33b5405',1,1,'TutsForWeb','[]',0,'2021-06-11 05:05:53','2021-06-11 05:05:53','2022-06-11 05:05:53'),
('31557e35ddba4159202799f4c5c7d2b83267afd3dda37753ef1a9b3203cdde99a22bd360c00160fb',1,1,'TutsForWeb','[]',0,'2021-06-12 07:08:13','2021-06-12 07:08:13','2022-06-12 07:08:13'),
('31823faea80d94f9c5a36bce7775f1ffe4ee4ad219db0ef8f226d02547466a447a03bff72c98525a',1,1,'TutsForWeb','[]',0,'2021-06-10 17:56:26','2021-06-10 17:56:26','2022-06-10 17:56:26'),
('32759726e554f9b2b4174e322cd2f763828080795fb96f839ecdc803dc2637917ac3dac5574b2320',1,1,'TutsForWeb','[]',0,'2021-06-12 09:27:56','2021-06-12 09:27:56','2022-06-12 09:27:56'),
('32a1fe34393bcedc79bacd126db975612b4d108802e2abcf13b4ed13c4907a6b05adad6acf65d86c',1,1,'TutsForWeb','[]',0,'2021-06-12 07:31:18','2021-06-12 07:31:18','2022-06-12 07:31:18'),
('3324697b5a0cf93de2385210c073eca1ef3fac60490e286f5dfa594df1f92aa1ce8acf7dc0f7e5ea',1,1,'TutsForWeb','[]',0,'2021-06-12 08:12:09','2021-06-12 08:12:09','2022-06-12 08:12:09'),
('33fda661603cacadca2958a0422f2a42531499e7929c4e86d0b47b3de9bf988dfad68b378c43d149',1,1,'TutsForWeb','[]',0,'2021-06-10 14:32:19','2021-06-10 14:32:19','2022-06-10 14:32:19'),
('34f944bca31eea8f83259f30cdd778a8f10a072f795ebbdcf69637b74cb5ce3fa8289d54f61a4fab',1,1,'TutsForWeb','[]',0,'2021-06-11 05:10:09','2021-06-11 05:10:09','2022-06-11 05:10:09'),
('37d5b860bd46037eb5f67ea725f41a2fa53f45c68e3c4d523c08b814e7df230caa24e00c74c0d4e0',1,1,'TutsForWeb','[]',0,'2021-06-10 16:45:23','2021-06-10 16:45:23','2022-06-10 16:45:23'),
('3819859d324121df943d1fc1c0b883e078c318eff71f45b21ffb032257e0fc7a5dccced35284c0a0',1,1,'TutsForWeb','[]',0,'2021-06-12 08:56:15','2021-06-12 08:56:15','2022-06-12 08:56:15'),
('3b001ea437b5a4999fb304ccf87335583124340798cdb7957bc8602f91dea24261f329846ace4516',1,1,'TutsForWeb','[]',0,'2021-06-09 12:00:27','2021-06-09 12:00:27','2022-06-09 12:00:27'),
('3bdb5640e3553aca44c5405930850769e687019bfb62196183a9be1b9a929ba636efcf927e42680a',1,1,'TutsForWeb','[]',0,'2021-06-11 05:35:02','2021-06-11 05:35:02','2022-06-11 05:35:02'),
('3e4ee26c2d0176c13a94b6fdb8e96324224bd768e56cae0c8234c4834c8b4752a991b14d55292ff4',1,1,'TutsForWeb','[]',0,'2021-06-10 11:49:32','2021-06-10 11:49:32','2022-06-10 11:49:32'),
('3e928b305c8282afcb92d5433fb47c10b83df11a6a1383c20fdd16961d78a09d9d7d139062c4e5dd',1,1,'TutsForWeb','[]',0,'2021-06-11 07:12:29','2021-06-11 07:12:29','2022-06-11 07:12:29'),
('3f1b8f4632a9d4ba11d1ff429ea7bff51fdda9c40661a826f7eda735c259a86c251674c395fc1ddc',1,1,'TutsForWeb','[]',0,'2021-06-10 08:14:22','2021-06-10 08:14:22','2022-06-10 08:14:22'),
('3f5a8ae54760a5b63760146c8e56959578fa48270620e4b06b3b3c2292721bbdd01192f4775d6f02',1,1,'TutsForWeb','[]',0,'2021-06-11 07:41:09','2021-06-11 07:41:09','2022-06-11 07:41:09'),
('40b4d558fb2693b605949a61ef7b5b4d9013d6d3d736abf6ed1d90323e0336e850f82df44e5da6f2',1,1,'TutsForWeb','[]',0,'2021-06-11 07:38:33','2021-06-11 07:38:33','2022-06-11 07:38:33'),
('4108ac77ea7ebff3ab4c44053daea842827244088b3751b2e8213cc7b73f44078c68a524026d096c',1,1,'TutsForWeb','[]',0,'2021-06-11 07:47:04','2021-06-11 07:47:04','2022-06-11 07:47:04'),
('4249e326024b4b482c8cc6eabea28461203134f6988246a77d1d1d3e43b2bb086de2b10f476294f7',1,1,'TutsForWeb','[]',0,'2021-06-09 12:08:37','2021-06-09 12:08:37','2022-06-09 12:08:37'),
('42c8398ae7eb732c4ad456476dba0f0af98c7152ffdc00dbf3515d0667a72c52b5ffc972139f6acc',1,1,'TutsForWeb','[]',0,'2021-06-10 11:51:31','2021-06-10 11:51:31','2022-06-10 11:51:31'),
('42d7c8baebe847de3b81b10b0e9778527d65aea8254e27b79dd7ab8b7b6a50bcf24befeea1b45544',1,1,'TutsForWeb','[]',0,'2021-06-09 12:20:11','2021-06-09 12:20:11','2022-06-09 12:20:11'),
('4586b6ceaa1f0c02a7ecf2097e6af539e1ee07cd0ca8b7ea66d74f181fa222d7473279d1b96c7658',1,1,'TutsForWeb','[]',0,'2021-06-11 04:43:37','2021-06-11 04:43:37','2022-06-11 04:43:37'),
('47bef25cdf76141a6dcf01511ef8ded2ffe5581ea5ae331b2e3b2d08afa112f947c9785cf93f7e93',1,1,'TutsForWeb','[]',0,'2021-06-10 20:14:41','2021-06-10 20:14:41','2022-06-10 20:14:41'),
('481467a4a0383ffd3303f678d0f3614ee0b4895a28bb736d30fbb9c4a8eb19be11a29a4f6077abbd',1,1,'TutsForWeb','[]',0,'2021-06-11 05:31:15','2021-06-11 05:31:15','2022-06-11 05:31:15'),
('48350374f643860978f3071ac225ab07776a70c22dc0f5573198374f611ea8c046abb0e127a3d17f',1,1,'TutsForWeb','[]',0,'2021-06-10 18:08:42','2021-06-10 18:08:42','2022-06-10 18:08:42'),
('48bf380c02b9dcc2d208f481bb6549ba5d125c33ef292bc897ca2b1eb74ac3fcbaa77ed6f5b2d83d',1,1,'TutsForWeb','[]',0,'2021-06-10 18:55:06','2021-06-10 18:55:06','2022-06-10 18:55:06'),
('49eb308ec97754247da5255e8b591e0cc0d68b1d9f2445603cff143e81b536413d228aca346e560b',1,1,'TutsForWeb','[]',0,'2021-06-12 09:32:16','2021-06-12 09:32:16','2022-06-12 09:32:16'),
('4a31ea0518b0315a1399af7ddb601c01cb72767a1b598418cf4ac63b063f40e4ea4c6a47e4a8a0f9',1,1,'TutsForWeb','[]',0,'2021-06-11 05:31:32','2021-06-11 05:31:32','2022-06-11 05:31:32'),
('4e78ef7a752784b37ff8edded4635537b4ca51ca1b5d18d7dbb7259ae3055cd704254b28601c9b0f',1,1,'TutsForWeb','[]',0,'2021-06-09 12:30:53','2021-06-09 12:30:53','2022-06-09 12:30:53'),
('4f0ed86d072e7864f682380a2111e8b86adef05114fe34f6321ff5fbcdea7dbce7ee40f6c2223c78',1,1,'TutsForWeb','[]',0,'2021-06-11 07:13:54','2021-06-11 07:13:54','2022-06-11 07:13:54'),
('501aefbcef5ed2efbcc8e55258008a62ea6b8560b5d5a309536d3d171004bc5eb76ca1b0c3bee174',1,1,'TutsForWeb','[]',0,'2021-06-11 07:04:39','2021-06-11 07:04:39','2022-06-11 07:04:39'),
('502fc83558b2b1992c0716d134423664bd27d6c8a87fa4981fecdd0a5656fbd26257d7c428d94560',1,1,'TutsForWeb','[]',0,'2021-06-09 14:46:31','2021-06-09 14:46:31','2022-06-09 14:46:31'),
('504a99a482f75052f64926f4d0dfe3713fa268bef2c8ef46ab27fd3a9070545d0a674a83276c2b38',1,1,'TutsForWeb','[]',0,'2021-06-12 08:34:16','2021-06-12 08:34:16','2022-06-12 08:34:16'),
('51323e84ba25b8903ac84f158b41dc307d287e31d6409b04b9e1a67a6b124a979532d4cbb7f170ce',1,1,'TutsForWeb','[]',0,'2021-06-09 12:08:16','2021-06-09 12:08:16','2022-06-09 12:08:16'),
('51b661f86695ea8580c2bf26df7dbadf8c16b076b68c3b791705e628c91fb17288f8f56299444749',1,1,'TutsForWeb','[]',0,'2021-06-10 13:15:10','2021-06-10 13:15:10','2022-06-10 13:15:10'),
('5240be5f97fa0a8d88bf33d3a9bac95ee2da45e1d8fa999b638f19dee4eec84e44533ec9f12aaef9',1,1,'TutsForWeb','[]',0,'2021-06-12 05:43:02','2021-06-12 05:43:02','2022-06-12 05:43:02'),
('52bfaebc3dddade24fb52e0ce2ae7bb680722cce07201822a60d505f3e0e1de86036fc192920f854',1,1,'TutsForWeb','[]',0,'2021-06-09 12:33:12','2021-06-09 12:33:12','2022-06-09 12:33:12'),
('533d097fdd6c0e88b775261d2ba971f035baddd4715f3cee50afc8e2744e25e45b37e958b4146674',1,1,'TutsForWeb','[]',0,'2021-06-12 08:23:07','2021-06-12 08:23:07','2022-06-12 08:23:07'),
('567e22889ca1d759b9997e983f01fab487932f7db9eed65a45e64938237d4d16e801374ea5821e0d',1,1,'TutsForWeb','[]',0,'2021-06-12 07:31:25','2021-06-12 07:31:25','2022-06-12 07:31:25'),
('56a896e9a021895837621061dd80810367fbe7ce5a47ec141b0a7a0f6b60d8bcefed0fff30d4c53b',1,1,'TutsForWeb','[]',0,'2021-06-11 16:28:46','2021-06-11 16:28:46','2022-06-11 16:28:46'),
('57bbf06f34a9e8cd98ea6586838e6973d22f39476310f5fc3e40d49065d59fc39a7defe520a14991',1,1,'TutsForWeb','[]',0,'2021-06-09 11:34:33','2021-06-09 11:34:33','2022-06-09 11:34:33'),
('5813119c676e0f638e46b6bc3a24775fa543d61d5fb5062c00d45a00e07a83eaa413f9d5c9e49b1c',1,1,'TutsForWeb','[]',0,'2021-06-09 12:31:58','2021-06-09 12:31:58','2022-06-09 12:31:58'),
('58304c89a1b0ad4f735f51bb12d0ad40f9866ebaec8cc07bb15de0a84bffe233869296965f39c9a9',1,1,'TutsForWeb','[]',0,'2021-06-10 09:05:56','2021-06-10 09:05:56','2022-06-10 09:05:56'),
('59232db23d342d35b09effd2f21d1a6fd6a17e240036695c3ed967473d09653073f19e7907d0b902',1,1,'TutsForWeb','[]',0,'2021-06-09 12:21:22','2021-06-09 12:21:22','2022-06-09 12:21:22'),
('5c4816b0892610de31468210cb8a532733089691a50a8f5a11a695acd09d9c50296a00ac0a94e198',1,1,'TutsForWeb','[]',0,'2021-06-11 15:53:47','2021-06-11 15:53:47','2022-06-11 15:53:47'),
('5d88197d9ac54a7ca093723e8554a63c3020b4921dca4f8bf7edb2bb0ed2686406e2610de21d4220',1,1,'TutsForWeb','[]',0,'2021-06-12 08:06:32','2021-06-12 08:06:32','2022-06-12 08:06:32'),
('5e1f5bee8b571f9fc64db5f863e476351568c490f2e6fa6db729ecd3649adb54daa0bc2dac512507',1,1,'TutsForWeb','[]',0,'2021-06-12 08:13:33','2021-06-12 08:13:33','2022-06-12 08:13:33'),
('5ee1d69bf30133566daee5c9aa63a1603f291982191dd194d3d6db8dff460f328c2a9292d28afa8f',1,1,'TutsForWeb','[]',0,'2021-06-11 05:09:05','2021-06-11 05:09:05','2022-06-11 05:09:05'),
('5fc2f68013447339564099a6809e75e021e43dbf5b172a3065862838621afca965454db68cb62103',1,1,'TutsForWeb','[]',0,'2021-06-12 08:01:35','2021-06-12 08:01:35','2022-06-12 08:01:35'),
('635f4116b7c67fff9b847f1c24ad5e20bf5ef53ac23ee4ffa8f7bd7ca6f81ed46c078d64dfa8559a',1,1,'TutsForWeb','[]',0,'2021-06-11 07:13:34','2021-06-11 07:13:34','2022-06-11 07:13:34'),
('645339ebd4e719d90fd0811b5d36f7fa11631f541ad2734f4f36827591433f319cb1fc40adcecb93',1,1,'TutsForWeb','[]',0,'2021-06-11 15:58:52','2021-06-11 15:58:52','2022-06-11 15:58:52'),
('6558901ffbb61bbd09a0a2d96dc8c8c9c4cf776643d193638a623b80ab291fea59974893ff797680',1,1,'TutsForWeb','[]',0,'2021-06-11 07:13:38','2021-06-11 07:13:38','2022-06-11 07:13:38'),
('655aad31781e6254bb15af6d8eeb94d765efbf7e55b26d6d6541d7174856d1fa89456369a54d9735',1,1,'TutsForWeb','[]',0,'2021-06-10 16:35:59','2021-06-10 16:35:59','2022-06-10 16:35:59'),
('66fa8cd33d63081017694822f7db0e8ed533976efd7ca1c0e895efe3841a788f9d7f1a2eea648453',1,1,'TutsForWeb','[]',0,'2021-06-10 16:01:31','2021-06-10 16:01:31','2022-06-10 16:01:31'),
('6b72cb893d8bd3774cd6a57e8123697c20c27385b58061bdca2cff9f78dc2a38e6c48787516dc311',1,1,'TutsForWeb','[]',0,'2021-06-12 05:34:18','2021-06-12 05:34:18','2022-06-12 05:34:18'),
('6b95e67daa28562c1ecf165c7fc47427ea849d98b13a7459355068ed7949a53521cce37a8b04212a',1,1,'TutsForWeb','[]',0,'2021-06-09 11:38:55','2021-06-09 11:38:55','2022-06-09 11:38:55'),
('6be3094b2a6ba4fd6055e18583fb6e6743178b2a6c824cc28c65217c3c69006cc97b44152390c492',1,1,'TutsForWeb','[]',0,'2021-06-11 11:55:43','2021-06-11 11:55:43','2022-06-11 11:55:43'),
('6cec1af50894c2092fa10965feb55a82c71626a858b8b0bd91248c2e0f381623fb5ab4762962f402',1,1,'TutsForWeb','[]',0,'2021-06-11 07:08:54','2021-06-11 07:08:54','2022-06-11 07:08:54'),
('6f15dff526a0f14cba5e7e0abe33dd0503078a91178d0d2931915b2ffdb17138e125097f966a806d',1,1,'TutsForWeb','[]',0,'2021-06-10 09:07:31','2021-06-10 09:07:31','2022-06-10 09:07:31'),
('6ff7e7c2e6948a232cabe4020bc328e998a11a78359632c4f0e9c414abfb9b03ea2fe38c1eb395b5',1,1,'TutsForWeb','[]',0,'2021-06-11 15:57:04','2021-06-11 15:57:04','2022-06-11 15:57:04'),
('703f9bfd6b53562869fb24fd70328fe3c905950a497caed36a8b0f45e93ed566140bed271414428e',1,1,'TutsForWeb','[]',0,'2021-06-10 15:56:02','2021-06-10 15:56:02','2022-06-10 15:56:02'),
('70cf918fde4993509297c144f36a7f918e4e28d415a66939b76ed52540fc8f17306d0ddf0061d8e8',1,1,'TutsForWeb','[]',0,'2021-06-12 06:52:08','2021-06-12 06:52:08','2022-06-12 06:52:08'),
('70d6a696d73345005073b426ac0cec4aa6a242fa498d77d310c545b9970fc17d8d76c52954311c22',1,1,'TutsForWeb','[]',0,'2021-06-11 04:46:09','2021-06-11 04:46:09','2022-06-11 04:46:09'),
('70d8cdf418caf91ca1ecf9cf8019f8a631045517766026ac5585c4a7777f768826baa01eacb12e6b',1,1,'TutsForWeb','[]',0,'2021-06-11 07:48:01','2021-06-11 07:48:01','2022-06-11 07:48:01'),
('716c52a7009cb23ccf71fcd9e9e238dc468406118e43ff8b5ae126c7be9846211919de65716b5916',1,1,'TutsForWeb','[]',0,'2021-06-12 05:24:39','2021-06-12 05:24:39','2022-06-12 05:24:39'),
('733cf650247bb195485addb31f02e4a662cba43510f260a9d5d06411a4c6bf283049312e75e16bc2',1,1,'TutsForWeb','[]',0,'2021-06-10 16:40:20','2021-06-10 16:40:20','2022-06-10 16:40:20'),
('73e189f285cd93281dd5c9293ae5ee73882557e36d3a1f88f679853afe350fe0ba84c944522324de',1,1,'TutsForWeb','[]',0,'2021-06-11 05:41:30','2021-06-11 05:41:30','2022-06-11 05:41:30'),
('73f28c5b46d8a5260fdcbbc1f6db09a5a01559c64460c76db043697734049f1fff1e14017e4a3d43',1,1,'TutsForWeb','[]',0,'2021-06-12 08:32:45','2021-06-12 08:32:45','2022-06-12 08:32:45'),
('74f26eb8748d2e70409b3a980694c5f2d8fada31cff8de7717bab9c9c9a8716ec17bd3f4db962e5e',1,1,'TutsForWeb','[]',0,'2021-06-11 07:05:45','2021-06-11 07:05:45','2022-06-11 07:05:45'),
('760183d3fddec4d8bddbab4a80dd3d21e0b717270cbab527d60edffe51a02024e94acc811a158e77',1,1,'TutsForWeb','[]',0,'2021-06-12 05:42:05','2021-06-12 05:42:05','2022-06-12 05:42:05'),
('786cb94f16fa19c75b2887cd889e436230d615b0f8ffb1e42581aef8906c5d1bb27028839a9b00af',1,1,'TutsForWeb','[]',0,'2021-06-11 07:06:06','2021-06-11 07:06:06','2022-06-11 07:06:06'),
('78b10df0c041cdb4d94c026c5d3f17aba8b20ef4bc30329f48f82635fb2ee0ca630a676d381d6352',1,1,'TutsForWeb','[]',0,'2021-06-12 08:32:54','2021-06-12 08:32:54','2022-06-12 08:32:54'),
('78c3debcf2c7cf5e947b583b085937ee47d17afb0a0a3dd04bb538051f13481b69db6621daa7caf2',1,1,'TutsForWeb','[]',0,'2021-06-09 12:18:39','2021-06-09 12:18:39','2022-06-09 12:18:39'),
('79242ee1df93c8ecd621f6e1dce764f61d8bcb6efa935e9f4924c3b0d0a81445b324e63c6e957731',1,1,'TutsForWeb','[]',0,'2021-06-12 13:29:12','2021-06-12 13:29:12','2022-06-12 13:29:12'),
('795190f0c869152116bb8a37cb098a84f07b57c7d8d82f4a25b24fe45f239f7802b13521400ccd83',1,1,'TutsForWeb','[]',0,'2021-06-11 07:57:59','2021-06-11 07:57:59','2022-06-11 07:57:59'),
('7aacd9eb96ce478700bc0a920fad6698ec50db5469964dc6f10c032ff4b1299602a7a25dd31c1bfe',1,1,'TutsForWeb','[]',0,'2021-06-12 05:15:14','2021-06-12 05:15:14','2022-06-12 05:15:14'),
('7dbb735b1fddc427389107f244597a9cda9ca75f04751b21deda33829e4664e57d665d3b461b3bbc',1,1,'TutsForWeb','[]',0,'2021-06-11 05:34:29','2021-06-11 05:34:29','2022-06-11 05:34:29'),
('7dfdd7f55fc27d1615984072e23a0a0dc4d180fabc8b1ecbc5854ea979c82ba92f2cf2cd87e83773',1,1,'TutsForWeb','[]',0,'2021-06-11 07:43:17','2021-06-11 07:43:17','2022-06-11 07:43:17'),
('7fca45aa13686dea5edab35a36ba338d9b271f1239240c0cfa852bfbf56bdadf692f63313048b507',1,1,'TutsForWeb','[]',0,'2021-06-10 18:17:50','2021-06-10 18:17:50','2022-06-10 18:17:50'),
('7fd281f3d9e2322093e5973bba925b038d85b74e29b5a2a3661346209a5233623a5828cc8ff8cb12',1,1,'TutsForWeb','[]',0,'2021-06-09 11:39:05','2021-06-09 11:39:05','2022-06-09 11:39:05'),
('80786c9676d688a73ec8b701cb827597471b349ff16fbe111052733f6fb9bc9b2a34e71022bcac72',1,1,'TutsForWeb','[]',0,'2021-06-10 16:00:58','2021-06-10 16:00:58','2022-06-10 16:00:58'),
('8189a61ed9411c5ec6578865ac948ed15d655609ab0b4054eee852fbdfbd120e2c5494b3f1523e40',1,1,'TutsForWeb','[]',0,'2021-06-11 04:29:34','2021-06-11 04:29:34','2022-06-11 04:29:34'),
('846b47dfe236757f356e4b85071715a8c53d29ba20ce0d29ae1b2577403ee0a6f03b926f19dc7000',1,1,'TutsForWeb','[]',0,'2021-06-09 12:19:12','2021-06-09 12:19:12','2022-06-09 12:19:12'),
('853139557c92f2b4444fcad13c218587ddb8577afa4156997552ed5a05e28c036878f6cb3d2d3467',1,1,'TutsForWeb','[]',0,'2021-06-09 11:37:49','2021-06-09 11:37:49','2022-06-09 11:37:49'),
('866dc6a188d94b739c240d201cddad7ac457ec5453c160d6be9276509f32214ba3c5ac41f67f96b1',1,1,'TutsForWeb','[]',0,'2021-06-11 08:16:26','2021-06-11 08:16:26','2022-06-11 08:16:26'),
('874c8537b323458cede68fcb6bf8a191a9cd9665981db28e13db7c7e0ba0522ecbe92b26bbd93255',1,1,'TutsForWeb','[]',0,'2021-06-12 08:41:25','2021-06-12 08:41:25','2022-06-12 08:41:25'),
('8757a3cae954d75a398d2df0e070b547e2393370e92fce9d225a47483b6052d488620e395173de58',1,1,'TutsForWeb','[]',0,'2021-06-12 05:49:11','2021-06-12 05:49:11','2022-06-12 05:49:11'),
('8a3f5d5a4a7856e46d01ba0767339d9d1cefe405350262dc0154806145f4aaa0380a2c687231d81c',1,1,'TutsForWeb','[]',0,'2021-06-12 08:13:31','2021-06-12 08:13:31','2022-06-12 08:13:31'),
('8bd4831498bad2a0c24f3a9539980c2c15531255a17080a31f2d401d97de3ed6dac17c93bc87499a',1,1,'TutsForWeb','[]',0,'2021-06-09 11:31:52','2021-06-09 11:31:52','2022-06-09 11:31:52'),
('8e1cbc5b3165ddd432035fbc65d0df5e490630a438c232227f5c12f324d692a5245d3a94bd2e2931',1,1,'TutsForWeb','[]',0,'2021-06-10 08:11:32','2021-06-10 08:11:32','2022-06-10 08:11:32'),
('8ec0c3fd8a0d292c6342b2a2088c596d9ca15c64f36f832e7f329a8fe2d78474aca171696773fdd8',1,1,'TutsForWeb','[]',0,'2021-06-11 07:03:44','2021-06-11 07:03:44','2022-06-11 07:03:44'),
('8ec9a6442575456ee56da5854e036b52d86815320e30200fff21b64086ab52c69f8310a2844f78ff',1,1,'TutsForWeb','[]',0,'2021-06-11 08:51:24','2021-06-11 08:51:24','2022-06-11 08:51:24'),
('8f665defeea5ac307e9d0235b01b72f8a037e97d8a2e34669fa303a7ef8a0646a93a374c363db7b5',1,1,'TutsForWeb','[]',0,'2021-06-12 08:15:35','2021-06-12 08:15:35','2022-06-12 08:15:35'),
('911b56523dc7f49a64c2b138e8cd8cdec7e7f2186e8c9bca5e27c7f2ec7cb84bb042e222f4cdedc2',1,1,'TutsForWeb','[]',0,'2021-06-09 12:23:37','2021-06-09 12:23:37','2022-06-09 12:23:37'),
('92ce9480a668252d20d1e366ef26b6d5a80caf3fcdf7ade0a88a6dc4cc883f38aefa8cf89d9ad17b',1,1,'TutsForWeb','[]',0,'2021-06-11 05:30:00','2021-06-11 05:30:00','2022-06-11 05:30:00'),
('936dea97d4bbe13d51f3c7d9a50c131bf07747a9ae2668c66fbb5914dad2130eb9de86e632d679db',1,1,'TutsForWeb','[]',0,'2021-06-11 08:12:39','2021-06-11 08:12:39','2022-06-11 08:12:39'),
('936f248b3585b980f9bff2e6c448d49f296e83e3e51f0c48d29700fd50d235cb73b04fc25110bb48',1,1,'TutsForWeb','[]',0,'2021-06-11 07:44:19','2021-06-11 07:44:19','2022-06-11 07:44:19'),
('93ca54c2879542fd0f4767dc3561b36498b2d6f7fa33f8caac8781d85d821963c2772ed337bdff4a',1,1,'TutsForWeb','[]',0,'2021-06-10 16:21:31','2021-06-10 16:21:31','2022-06-10 16:21:31'),
('95dd6d73ee5966790735cc77380374a0abbef7bcc3eddbedf22c9b15697e9253a85b95ffa1c87e8a',1,1,'TutsForWeb','[]',0,'2021-06-12 09:56:12','2021-06-12 09:56:12','2022-06-12 09:56:12'),
('95e1467d5c7d54a9630f24411766af795298fef88454ff6526691ff07847b38c369c15ec091e6304',1,1,'TutsForWeb','[]',0,'2021-06-10 09:07:20','2021-06-10 09:07:20','2022-06-10 09:07:20'),
('95f0214669d6e4a3988a729cfc8ed4453cc82fd7ac4f06aeaa3e8509796156368997ddb2c7e52f33',1,1,'TutsForWeb','[]',0,'2021-06-10 17:57:54','2021-06-10 17:57:54','2022-06-10 17:57:54'),
('98f1898335c6fe5a70cbf6fcce2dfb6cedba777cc812d801ef482d383cc01b6b04b2c27a6374ae3d',1,1,'TutsForWeb','[]',0,'2021-06-10 15:59:18','2021-06-10 15:59:18','2022-06-10 15:59:18'),
('98fceee4a2d82b98e44066c28f5b3f0b098e998bee7477fb3889cc3a679badca052fa4f16bcf1b20',1,1,'TutsForWeb','[]',0,'2021-06-10 11:46:29','2021-06-10 11:46:29','2022-06-10 11:46:29'),
('9909ae99d3c6f111c9e20bb2d88c8bcc4d6f578f5eb024afe8b19fa6e532c645a41d70a9446b6c81',1,1,'TutsForWeb','[]',0,'2021-06-11 08:58:12','2021-06-11 08:58:12','2022-06-11 08:58:12'),
('996449ed136bbcfcc62ea402699be5c17cc0e02e7ed181962e322dfb842d934810491e6cf12d857c',1,1,'TutsForWeb','[]',0,'2021-06-12 07:49:23','2021-06-12 07:49:23','2022-06-12 07:49:23'),
('99872376b724f547f65881a630c169b05736b1adff5b16c0a45b973c56a7c8a239cd0c91b1e19282',1,1,'TutsForWeb','[]',0,'2021-06-10 13:29:50','2021-06-10 13:29:50','2022-06-10 13:29:50'),
('99a955d37ca5b8d67864054fbffa88b298a60a0dc85bebe8a43253948c2f9767855a96adcc5f709a',1,1,'TutsForWeb','[]',0,'2021-06-12 08:39:58','2021-06-12 08:39:58','2022-06-12 08:39:58'),
('99b9532027aa41684f61d6c7ca307f64ca9fec1762a74f8875b638ff7e01a4667681d03f77a59230',1,1,'TutsForWeb','[]',0,'2021-06-11 08:15:20','2021-06-11 08:15:20','2022-06-11 08:15:20'),
('99d2e23869783674678b331df5d8efd4c527bc5b3466bfa1581c61e36475ed3b09f8a19da002c793',1,1,'TutsForWeb','[]',0,'2021-06-12 06:38:02','2021-06-12 06:38:02','2022-06-12 06:38:02'),
('9b2f8ba9be46fa5663d092f460616b13fb7c6db92a0f36a8b165e7acaff5b914d4c9dc61a588883c',1,1,'TutsForWeb','[]',0,'2021-06-10 16:21:54','2021-06-10 16:21:54','2022-06-10 16:21:54'),
('9b6f365dfae26fd95eabdae5255ce32cc353855daf03f0a1e5fe2a7adff8136650ccfeca1a3e7a65',1,1,'TutsForWeb','[]',0,'2021-06-10 20:19:58','2021-06-10 20:19:58','2022-06-10 20:19:58'),
('9c4a8dff576eb34497f2ff498ec6a977563ad32be1123aa040c2031389ba915e21804a5c6c12dccb',1,1,'TutsForWeb','[]',0,'2021-06-10 18:00:14','2021-06-10 18:00:14','2022-06-10 18:00:14'),
('9c9b2ad02627e0e5ae86394f52b61766188f7ff600be118297b142a5f129139d5d7abee4347afcbb',1,1,'TutsForWeb','[]',0,'2021-06-12 08:22:07','2021-06-12 08:22:07','2022-06-12 08:22:07'),
('9d22ab214f7724fbd02324563d0b7f2a579e32e5405fa11cda03192dd498ab49cb0a1405c334c7c4',1,1,'TutsForWeb','[]',0,'2021-06-11 07:44:47','2021-06-11 07:44:47','2022-06-11 07:44:47'),
('a0ba2b4da153e7484cdd5491b61506930e86563f6aabcbc42bac44d17b21f5476a7731f201eda50e',1,1,'TutsForWeb','[]',0,'2021-06-09 11:34:44','2021-06-09 11:34:44','2022-06-09 11:34:44'),
('a1996644f398e97d6e566420ce279708d6eb469fe32b74555255045e53c0465c8fd5fcd72b7781e8',1,1,'TutsForWeb','[]',0,'2021-06-11 07:05:40','2021-06-11 07:05:40','2022-06-11 07:05:40'),
('a286a3af401a019fe1985eeecca603bcb506ab0fad25d2babcdd6fef4a99941f91db3130a21c990a',1,1,'TutsForWeb','[]',0,'2021-06-10 18:02:14','2021-06-10 18:02:14','2022-06-10 18:02:14'),
('a2919e70b714f67610f2bcad64da5e6b879305193795d75014e9b6935a0a1674e44c7f0939c1e92a',1,1,'TutsForWeb','[]',0,'2021-06-12 07:38:26','2021-06-12 07:38:26','2022-06-12 07:38:26'),
('a36229331586e06c28532181f88c1a7924ffb618b06228739f841979fd10c4d6308ff75f7a86b1cb',1,1,'TutsForWeb','[]',0,'2021-06-11 05:05:17','2021-06-11 05:05:17','2022-06-11 05:05:17'),
('a36b05d03222997d99bb97b5ef06766328ce90b55c83c3d3d1177a3780e08cc251cc9591bfa36e52',1,1,'TutsForWeb','[]',0,'2021-06-10 16:28:41','2021-06-10 16:28:41','2022-06-10 16:28:41'),
('a3e8c62137de1862917d8ff85bbedeb0844950491b77d94ceaf33e512fb297532be1212031026b77',1,1,'TutsForWeb','[]',0,'2021-06-09 12:09:16','2021-06-09 12:09:16','2022-06-09 12:09:16'),
('a84eec59d7eb2aea72d798169dfeec93505b1dcb001058aa1f1d6a88bba68010f2203ed95e83dfd4',1,1,'TutsForWeb','[]',0,'2021-06-10 08:03:13','2021-06-10 08:03:13','2022-06-10 08:03:13'),
('a89e5bd24ed1743682191518e91e179b5e6ed2c67cd4ba9f7eb5e71b62d7baea7c78cfe6a297baf4',1,1,'TutsForWeb','[]',0,'2021-06-12 09:33:40','2021-06-12 09:33:40','2022-06-12 09:33:40'),
('a8de2b977bb44d2c182b57e06ddfdaa1aa0ab5fd77c34ddaaee3d2a8453a8ff42a16ecdbaf680e16',1,1,'TutsForWeb','[]',0,'2021-06-09 12:28:41','2021-06-09 12:28:41','2022-06-09 12:28:41'),
('a9e75fae8ece00e920b8d0e40a9718cbae42f35f3ff1a647a45e89b3e5002a1f73d7a54bc68595c0',1,1,'TutsForWeb','[]',0,'2021-06-10 17:54:11','2021-06-10 17:54:11','2022-06-10 17:54:11'),
('aa62377508e6cb950da2a097cca4061691e6d81b7a9280c757b77d16c75ba40d50979b2ab4478d88',1,1,'TutsForWeb','[]',0,'2021-06-10 16:43:37','2021-06-10 16:43:37','2022-06-10 16:43:37'),
('ab70228447ace6e029196b87322cba3d7f7a2616896803ca3e9539e55a1be35c074acf13bda24a13',1,1,'TutsForWeb','[]',0,'2021-06-12 07:48:55','2021-06-12 07:48:55','2022-06-12 07:48:55'),
('ad9040037d62fe9c42f1459008e4250ed177ed0c9bd4ddebdbe9297cb8ccc63b65c62dae3d4a0471',2,1,'TutsForWeb','[]',0,'2021-06-09 14:45:53','2021-06-09 14:45:53','2022-06-09 14:45:53'),
('aed9f900a4ab09221a895ff6191761888c3fdf71a5d89029781746286ead0d41763d4a908ed968ef',1,1,'TutsForWeb','[]',0,'2021-06-12 08:58:06','2021-06-12 08:58:06','2022-06-12 08:58:06'),
('af12b2ef3976a6b6cbf951d7c983ea96d2be36d887d9de713b78702dfef88f1183ea3df6e0614ba5',1,1,'TutsForWeb','[]',0,'2021-06-11 05:24:02','2021-06-11 05:24:02','2022-06-11 05:24:02'),
('afaf3e7f5bdc7bee8cf79745455196279742ff95aec63109b2d2197abb1b72c50a3ce5d847513623',1,1,'TutsForWeb','[]',0,'2021-06-12 08:14:09','2021-06-12 08:14:09','2022-06-12 08:14:09'),
('afc6ddd4f0b40f618ad323553b5ed35026be5c423c79c97088d7efb0835018eb1070db55fca96c5c',1,1,'TutsForWeb','[]',0,'2021-06-12 09:58:21','2021-06-12 09:58:21','2022-06-12 09:58:21'),
('b07bb68daa3b8f883aadf9ec59d43bcd199856a469d37d0dfa67c52b105f05f202aa93e9b98447bc',1,1,'TutsForWeb','[]',0,'2021-06-11 04:29:14','2021-06-11 04:29:14','2022-06-11 04:29:14'),
('b164e373b440ef56e3d1eb729b0a1324d851221474d61c75e59132277fa4006f75355061530a537c',1,1,'TutsForWeb','[]',0,'2021-06-10 18:05:18','2021-06-10 18:05:18','2022-06-10 18:05:18'),
('b18362e4b84fee30609a1dd73af76357d9bab9502a1b8d03d64d8965f68d54b36ea5ea8bce2cb0b7',1,1,'TutsForWeb','[]',0,'2021-06-11 07:59:03','2021-06-11 07:59:03','2022-06-11 07:59:03'),
('b27b3dbcee07b8e053ede7cdb3c3af79f7b0c472c7aee02bdc716025d61ddb77cbc95ab5efcc45a9',1,1,'TutsForWeb','[]',0,'2021-06-12 08:16:08','2021-06-12 08:16:08','2022-06-12 08:16:08'),
('b3be16bafcde68e4399179f536ec9fdbdfc7f572f325a4a0232eb85382eb50bddbd178c0b6d1a782',1,1,'TutsForWeb','[]',0,'2021-06-11 07:08:04','2021-06-11 07:08:04','2022-06-11 07:08:04'),
('b4752248313a6afe0d24f85ddcfe57b49a5e57d94e3ffd2b47c134959272e5b88666f549bb2c7322',1,1,'TutsForWeb','[]',0,'2021-06-10 09:06:34','2021-06-10 09:06:34','2022-06-10 09:06:34'),
('b591bf5896f277a35f8d90c87bc4eca99e9e2d3d62cca26d32542fe5416e46ba69d04c98e86464e6',1,1,'TutsForWeb','[]',0,'2021-06-12 06:01:24','2021-06-12 06:01:24','2022-06-12 06:01:24'),
('b650d01db7f3219aab9f3bcc7afd887cea17771c655a8fadb0e74d0a9196834d0bc263098c676331',1,1,'TutsForWeb','[]',0,'2021-06-10 19:17:22','2021-06-10 19:17:22','2022-06-10 19:17:22'),
('b698586cd6120704f2657744fcd0d17a445aa1a17a2f55edf4c342773c127cf6c56dddb06c475606',1,1,'TutsForWeb','[]',0,'2021-06-12 09:17:04','2021-06-12 09:17:04','2022-06-12 09:17:04'),
('bab00660b4574ea18090158985361194da95fceda5c6215f92e85753f3fef4dfbe43f4984954ea30',1,1,'TutsForWeb','[]',0,'2021-06-10 11:43:47','2021-06-10 11:43:47','2022-06-10 11:43:47'),
('bb1c9629a8f30d125da61d4b83437320e7c353cf5c71eff841238be07668984cd1c41ab2954062bc',1,1,'TutsForWeb','[]',0,'2021-06-11 04:32:09','2021-06-11 04:32:09','2022-06-11 04:32:09'),
('bd0ca04c27f5661613c5f37c0a7b262031e557193c58ced5fdff89cc09ec3d37a3c1772aa9169767',1,1,'TutsForWeb','[]',0,'2021-06-12 08:06:07','2021-06-12 08:06:07','2022-06-12 08:06:07'),
('bd70e4774335fe7e0fa39d88a48d883446f4170c41a45fcd5ce8301e81b2fddc6233bb933757b998',1,1,'TutsForWeb','[]',0,'2021-06-11 07:04:55','2021-06-11 07:04:55','2022-06-11 07:04:55'),
('bd81b05e05c9311208ab3fffaf3e1546fcf52ab2424b1253ad3a55b06b6a99f1bb2ae4264476d4be',1,1,'TutsForWeb','[]',0,'2021-06-09 12:27:49','2021-06-09 12:27:49','2022-06-09 12:27:49'),
('bda548aaedafae1409a9c5009dabcdc057a324dbb5b6e5bd4bb7ec8d1f76bfbcfdfa8c244820bc40',1,1,'TutsForWeb','[]',0,'2021-06-11 07:17:31','2021-06-11 07:17:31','2022-06-11 07:17:31'),
('be5090905cc05467dbfe6e2ec05ab4cbf0936bbd69d7da2b482cf71e455b5bfc630ba8c3232e025a',1,1,'TutsForWeb','[]',0,'2021-06-10 20:17:18','2021-06-10 20:17:18','2022-06-10 20:17:18'),
('be90e1846efc7504424d607cb4cc788fe0b42383ecffa88a2087fa2ff5f308e1d5f80bbdd63f2431',1,1,'TutsForWeb','[]',0,'2021-06-11 03:57:24','2021-06-11 03:57:24','2022-06-11 03:57:24'),
('bfa0ab2321be57563f5e32c8648e2de5fd652b5a4e9b8467043ee4b3953bc850fe90aab87fddb1df',1,1,'TutsForWeb','[]',0,'2021-06-11 16:00:13','2021-06-11 16:00:13','2022-06-11 16:00:13'),
('c16566635d8d261206c443ff012110654f0d6e22c6f6b3bbc15a378e38b542e79d33530739043591',1,1,'TutsForWeb','[]',0,'2021-06-12 07:31:48','2021-06-12 07:31:48','2022-06-12 07:31:48'),
('c1cd1f57ed930b665897cc63c44a7cbde4313da2a598c8f601722c7bf91f509680f7382df29eb479',1,1,'TutsForWeb','[]',0,'2021-06-10 09:03:04','2021-06-10 09:03:04','2022-06-10 09:03:04'),
('c3da359140dbe8d17867119d9d8eb66f24774a90244b8f647a48ebc7bda733c6c78194ae402c6918',1,1,'TutsForWeb','[]',0,'2021-06-09 12:20:41','2021-06-09 12:20:41','2022-06-09 12:20:41'),
('c3f09e4064f7d3f026a50f0ea39108caa192ea4cdf137d9f12934323b1268e8483c44d4b4f712d55',1,1,'TutsForWeb','[]',0,'2021-06-12 07:14:16','2021-06-12 07:14:16','2022-06-12 07:14:16'),
('c48f9fd7906a46ab32fdf22a0c8062c0d051488b9fbaa62e61b891fa3c6f145b9e0951260f59b3c3',1,1,'TutsForWeb','[]',0,'2021-06-12 08:44:41','2021-06-12 08:44:41','2022-06-12 08:44:41'),
('c4b0fe253bf92c62c205598a1540fe07f6e645433da10c526cc766da35c9438418dbd3bf6f977279',1,1,'TutsForWeb','[]',0,'2021-06-09 12:36:49','2021-06-09 12:36:49','2022-06-09 12:36:49'),
('c4c4a7a419158b1b1a819d38f178eadbd1707730021bc7e4ab9ff16eae90df5db8ec9a708133aee1',1,1,'TutsForWeb','[]',0,'2021-06-11 15:59:36','2021-06-11 15:59:36','2022-06-11 15:59:36'),
('c55c68d62c222f43ee234288a46f98a6b0e75d030414764cdbf47343a1e400b2102d5078bc3c1ffd',1,1,'TutsForWeb','[]',0,'2021-06-10 18:27:49','2021-06-10 18:27:49','2022-06-10 18:27:49'),
('c6c1c3f51f1b3f6e2a7a5b861bba0419e52f706781a679732ffd7ff494937996c10458352c6e3588',1,1,'TutsForWeb','[]',0,'2021-06-11 07:46:03','2021-06-11 07:46:03','2022-06-11 07:46:03'),
('c72f1e5967791133b20ea4f55ad5c1fa26372fd8401d13c8cb9d099e35a3d41fca2b825f15aaa559',1,1,'TutsForWeb','[]',0,'2021-06-09 12:27:25','2021-06-09 12:27:25','2022-06-09 12:27:25'),
('c99564deee0de1fda2d79da2d5e19803dc9c5a45c35f7c4b21fc4245f5e881069baa83de57e93470',1,1,'TutsForWeb','[]',0,'2021-06-11 06:13:31','2021-06-11 06:13:31','2022-06-11 06:13:31'),
('cb6fa668357779be9bd01a887422fc6a5a2fda907f77a769585058635b90089c84713f66e09835af',1,1,'TutsForWeb','[]',0,'2021-06-10 08:06:29','2021-06-10 08:06:29','2022-06-10 08:06:29'),
('cb85199b420b692f5b37af3246d102075082fe58536aaedb35cd04ad713ba19f4769a02d106e97dd',1,1,'TutsForWeb','[]',0,'2021-06-09 11:38:49','2021-06-09 11:38:49','2022-06-09 11:38:49'),
('cb907351c493f84b193ed7e1668c68aa1b6859a2564541947cb164c1eeaa75475a7f6ee0bd8ae6ed',1,1,'TutsForWeb','[]',0,'2021-06-10 08:08:32','2021-06-10 08:08:32','2022-06-10 08:08:32'),
('cceb2ac7777d72b4dbf2205955cf8524cd76080143fe6a02659807387636bc90e0f24f598c6d68dd',1,1,'TutsForWeb','[]',0,'2021-06-12 09:04:34','2021-06-12 09:04:34','2022-06-12 09:04:34'),
('cdcd24c34e2e05b970ff7843401c72aa9ea0e6ed147b168501963fa4ab78db1e6b6b10e5e548cb2b',1,1,'TutsForWeb','[]',0,'2021-06-11 04:09:33','2021-06-11 04:09:33','2022-06-11 04:09:33'),
('cecc6842a7814d7db9cc9ebf0b95efc760a7a3dcc172bea4647c15b9b3ab64d81f0ed6a14e13c934',1,1,'TutsForWeb','[]',0,'2021-06-11 07:49:10','2021-06-11 07:49:10','2022-06-11 07:49:10'),
('ced82994a02bddba82d660c41d11e1a690c77e674c5129cc4c05a5fa95258f8927b835e36706079b',1,1,'TutsForWeb','[]',0,'2021-06-11 08:14:11','2021-06-11 08:14:11','2022-06-11 08:14:11'),
('d0a952a0225576cda8d093dfc114fcada9094c2f911d3643e429101161c9d0d12589a0967e1e22c1',1,1,'TutsForWeb','[]',0,'2021-06-11 04:14:50','2021-06-11 04:14:50','2022-06-11 04:14:50'),
('d1089f8754a8828a5d207b92c0f6cdb1c0cd4b50e0fcc6a6eb11dac696f6af8107936534e340c6b5',1,1,'TutsForWeb','[]',0,'2021-06-11 11:56:34','2021-06-11 11:56:34','2022-06-11 11:56:34'),
('d259332017a1078618de227114dc41811fb55ee2bbd27c695d268b47772f3d0c54ba4acbd725704d',1,1,'TutsForWeb','[]',0,'2021-06-12 09:31:51','2021-06-12 09:31:51','2022-06-12 09:31:51'),
('d27c373dbed232cd7ce7e6ff04c98c5a4cb062bc66471aa35a0273b6ee580812d0b3809c98a1eae2',1,1,'TutsForWeb','[]',0,'2021-06-09 12:11:03','2021-06-09 12:11:03','2022-06-09 12:11:03'),
('d2db4611af70a59f9020d51eddeb2a4a9fe506ebeb25ffb5b054bc814505f2eca520dd75a1b5ff99',1,1,'TutsForWeb','[]',0,'2021-06-11 08:29:55','2021-06-11 08:29:55','2022-06-11 08:29:55'),
('d37ce2050b7b9c6214d8c59c92ecc68a1793b659ad6c71d71fb0d01d2d5f4ab177f61181e2816536',1,1,'TutsForWeb','[]',0,'2021-06-12 08:43:26','2021-06-12 08:43:26','2022-06-12 08:43:26'),
('d3b546c2ab327aef043ae7d62e928fb676afeb071ded9fbb876ea56c768cc61cf5b5d7ccdff1f1a3',1,1,'TutsForWeb','[]',0,'2021-06-12 08:38:05','2021-06-12 08:38:05','2022-06-12 08:38:05'),
('d4334d7598ee0e2049b792712e010780a9a11a8fe97859a4a5d002b161848098a9acab849ade4443',1,1,'TutsForWeb','[]',0,'2021-06-10 18:04:04','2021-06-10 18:04:04','2022-06-10 18:04:04'),
('d6109ec72cf7c343e6d8fda37b2424b787495f58e3d3cc76a104d001ef1669b938b34b71128144fc',1,1,'TutsForWeb','[]',0,'2021-06-12 09:28:44','2021-06-12 09:28:44','2022-06-12 09:28:44'),
('d83b6da51dca19adf019238fa4f1b6920349434699db96f2f9601b0ae0cde417ff37b5c096819f82',1,1,'TutsForWeb','[]',0,'2021-06-12 05:44:15','2021-06-12 05:44:15','2022-06-12 05:44:15'),
('d87e27d4e5c8ef268eaee8b15b2294c64237ff13debe4d5a9cfdb199a9e044d8b4c0894ac13effe7',1,1,'TutsForWeb','[]',0,'2021-06-12 08:14:52','2021-06-12 08:14:52','2022-06-12 08:14:52'),
('d89a9b64f71571397c6c79769538b91243839565ec06222afc499f1472ee53c7034bc4b1c13be60c',1,1,'TutsForWeb','[]',0,'2021-06-11 22:36:09','2021-06-11 22:36:09','2022-06-11 22:36:09'),
('d93b1f7b9199cc158b6df16549b2c832d55c2cfb6821e9facb25d7b704ec7ccffa5cf9b38d350b3a',1,1,'TutsForWeb','[]',0,'2021-06-12 08:33:54','2021-06-12 08:33:54','2022-06-12 08:33:54'),
('dac0007d670917329e4dfc2d82f8151e058606a64781422d1d6c165d7256e45ac4883ee16d156081',1,1,'TutsForWeb','[]',0,'2021-06-12 09:18:38','2021-06-12 09:18:38','2022-06-12 09:18:38'),
('db57ab5eac446b53caa579865be1bfc8c1d89347891e08fda13ff48b66a934dec8d128112c867dca',1,1,'TutsForWeb','[]',0,'2021-06-11 07:13:47','2021-06-11 07:13:47','2022-06-11 07:13:47'),
('db8a53f26dfc5fbf80210abfde54bef88eb09e076f3e95d25615d6db8a9b5c7949b0a100c389f072',1,1,'TutsForWeb','[]',0,'2021-06-10 13:38:17','2021-06-10 13:38:17','2022-06-10 13:38:17'),
('dbc8edcdd1284545f7fd0c914201a6d0c618776f09682cb0b8754eabe31dcd6f09549a66d9319edb',1,1,'TutsForWeb','[]',0,'2021-06-12 09:31:36','2021-06-12 09:31:36','2022-06-12 09:31:36'),
('dbece46cf501ca765ae61e0c009d2f46ed609b296242f3ecd12591ede5faabceb00f797aad18613a',1,1,'TutsForWeb','[]',0,'2021-06-09 11:37:51','2021-06-09 11:37:51','2022-06-09 11:37:51'),
('dc79b4b3e75d8c9ffab2eac1e166cf6529b40ff518a64a817fa062f99d8a7d6bf4c8c015f528cf61',1,1,'TutsForWeb','[]',0,'2021-06-10 17:57:04','2021-06-10 17:57:04','2022-06-10 17:57:04'),
('dcfe8b6fab2650a79fe9edeb59a2df43eb8adba8e600f537c3f448af27011cfb881e0837567278bd',1,1,'TutsForWeb','[]',0,'2021-06-11 17:46:08','2021-06-11 17:46:08','2022-06-11 17:46:08'),
('de1e62ff4f9a434fc252667383ab7ab4dc67fece8ebf02a8c59cf5d0f0484c1f5b3dfea12e9fa5ec',1,1,'TutsForWeb','[]',0,'2021-06-10 13:16:03','2021-06-10 13:16:03','2022-06-10 13:16:03'),
('dfc855b856bd416cc8878c24b61b8c0643b9d1578fc84fdca846c40e443032fa0c24dc1b48fddbaa',1,1,'TutsForWeb','[]',0,'2021-06-09 11:35:51','2021-06-09 11:35:51','2022-06-09 11:35:51'),
('e1f114db3424f0d9eeca29371ac78ce39bca2afdb8e15e5ea890deb617194ba8b1a26e652fa96038',1,1,'TutsForWeb','[]',0,'2021-06-09 11:35:48','2021-06-09 11:35:48','2022-06-09 11:35:48'),
('e2f43b0de208f55a4e24858389112b1ca1255937ed2b4c9a274d883c8d2d73a448de7d743f09c0c4',1,1,'TutsForWeb','[]',0,'2021-06-12 09:02:51','2021-06-12 09:02:51','2022-06-12 09:02:51'),
('e3bf337ead4b516ca7ec2a573cf98fdb6101a624d0dcfbad1bd6eb950d835327ad8f53262aef2961',1,1,'TutsForWeb','[]',0,'2021-06-09 12:11:23','2021-06-09 12:11:23','2022-06-09 12:11:23'),
('e4ef6ef8782d9e9d0d7965d9de23f8ac8368e6021c8629e3fb062ef84fcbb2613229ce4d28a13ce9',1,1,'TutsForWeb','[]',0,'2021-06-10 17:55:27','2021-06-10 17:55:27','2022-06-10 17:55:27'),
('e5f16075ae1ff3c4f0659feb7533fa806f605ae5e8f6ebb7c5a5e7201a582cc46c7dd37d85904a56',1,1,'TutsForWeb','[]',0,'2021-06-11 05:12:12','2021-06-11 05:12:12','2022-06-11 05:12:12'),
('e64530d6aa49870950fd0fe69fabe31c4c681ca1409229bafcf55a40156ecdd765c7a7e9caea1cc2',1,1,'TutsForWeb','[]',0,'2021-06-10 16:39:02','2021-06-10 16:39:02','2022-06-10 16:39:02'),
('e67f17d57faa78e6217a1aef2a332c367dbc584e2a0c9035fe9ed784700d11f91432bdaf093817e9',1,1,'TutsForWeb','[]',0,'2021-06-12 09:17:30','2021-06-12 09:17:30','2022-06-12 09:17:30'),
('e6d56969f88eebdda633deee15da78791baac538f7d61ac357c0760f00c5b41e3c8b191154cf50a6',1,1,'TutsForWeb','[]',0,'2021-06-09 11:35:50','2021-06-09 11:35:50','2022-06-09 11:35:50'),
('e758ba8d4324fd2985d6a95ea2ade110ffe1a1399572fbbbf2e1c4cd4bfc5e72c8e212a26969e253',1,1,'TutsForWeb','[]',0,'2021-06-11 07:50:00','2021-06-11 07:50:00','2022-06-11 07:50:00'),
('e7a44cec2887a1cf13913c97e79c6b9a3de2116eac7cc6e4658719605f09bd23c3584181ac044b05',1,1,'TutsForWeb','[]',0,'2021-06-10 11:47:56','2021-06-10 11:47:56','2022-06-10 11:47:56'),
('e9474e66216388311bc6e250d3a1fafc1851eb2baf9c3a216a5dc8aa8e82464b16e431cbccecc2f6',1,1,'TutsForWeb','[]',0,'2021-06-12 08:57:28','2021-06-12 08:57:28','2022-06-12 08:57:28'),
('ee3fe65471526a02157c74d6e96e4fe49361f61ad4a01f842740c810cc475772d23b9019e6e7c32b',1,1,'TutsForWeb','[]',0,'2021-06-11 07:16:22','2021-06-11 07:16:22','2022-06-11 07:16:22'),
('ee88d11103d37a6b4ac5eba63608d15a285e87f6a547bea316f175e357f30891975654f9040b196d',1,1,'TutsForWeb','[]',0,'2021-06-12 09:03:20','2021-06-12 09:03:20','2022-06-12 09:03:20'),
('f063bd650cb370ab0c38f82edb65ec5c43e8c9281472f00e98885ede65b111d0c079f0fc407750ca',1,1,'TutsForWeb','[]',0,'2021-06-12 08:28:04','2021-06-12 08:28:04','2022-06-12 08:28:04'),
('f2fba766eb0797adacc891fdbc2bf460bc8f9d23aa659db6c18b62ede82788dd88134da74b389654',1,1,'TutsForWeb','[]',0,'2021-06-09 11:34:30','2021-06-09 11:34:30','2022-06-09 11:34:30'),
('f3e75e014bc02cd97c796fe1a2544d0468622c1eac85679a5027fecf5a62795d5193d0cfbbb36a2b',1,1,'TutsForWeb','[]',0,'2021-06-11 07:50:26','2021-06-11 07:50:26','2022-06-11 07:50:26'),
('f491bcd8c20d483512852c47ff2fae19d1abe1d2dd141548859b4fe9cf361842243365ab64666db2',1,1,'TutsForWeb','[]',0,'2021-06-11 22:36:06','2021-06-11 22:36:06','2022-06-11 22:36:06'),
('f6b536f94a6933da7cdbde1572fb919518bf350b104348e9b6c621f2b7e55edf001f2e8a138d26b8',1,1,'TutsForWeb','[]',0,'2021-06-12 08:05:49','2021-06-12 08:05:49','2022-06-12 08:05:49'),
('f87cf37faabbb9718e64d86a3cf3aae46573d32a4b18fb47f734607ef11c2cc2d50e48c37493237b',1,1,'TutsForWeb','[]',0,'2021-06-11 07:05:54','2021-06-11 07:05:54','2022-06-11 07:05:54'),
('f924137623a8edfedc840b13662f580ae791c396180f1257bb82325585aaba79cfc042bdef3de88c',1,1,'TutsForWeb','[]',0,'2021-06-10 15:57:55','2021-06-10 15:57:55','2022-06-10 15:57:55'),
('f9419046278dcf97c40fea880eb6a08cd9eefe383358b60acbf3b4c56f79d20447a4c159250f6649',1,1,'TutsForWeb','[]',0,'2021-06-10 17:58:18','2021-06-10 17:58:18','2022-06-10 17:58:18'),
('fa3bd42c69985ca5ca920352e96e1bcdb61a4984d33a5169f299b957c09f8ff198cf45ea6938f74a',1,1,'TutsForWeb','[]',0,'2021-06-10 20:04:36','2021-06-10 20:04:36','2022-06-10 20:04:36'),
('fa7972ca198b64b1b54521f600f0b0958cdafeb8d9f60d2adb0ac6ae71bd59bec30ff62da9589481',1,1,'TutsForWeb','[]',0,'2021-06-12 08:59:47','2021-06-12 08:59:47','2022-06-12 08:59:47'),
('fadb505e357ff3076a318cc36ed8d1efcfa82cc5834041920f2be0312b129a1dd4967e887eb7bf9e',1,1,'TutsForWeb','[]',0,'2021-06-11 08:13:48','2021-06-11 08:13:48','2022-06-11 08:13:48'),
('fce87a83e5c311ebde46abfe751f5238ac469f0a1d529554cdd9fdb0829dd0ad844d73c84c74ce11',1,1,'TutsForWeb','[]',0,'2021-06-12 08:15:06','2021-06-12 08:15:06','2022-06-12 08:15:06'),
('fdca3ba6cd3ece18be85805bf2c2183d06fc40b61f07b7d85b4b9c4632e412e00d02486a3b05c112',1,1,'TutsForWeb','[]',0,'2021-06-09 11:40:04','2021-06-09 11:40:04','2022-06-09 11:40:04'),
('ff7eaad0d8f0b98997642084d40057fceb1104a8cc500cdd5dd7301d292baad5639b8494a636c19e',1,1,'TutsForWeb','[]',0,'2021-06-12 08:25:35','2021-06-12 08:25:35','2022-06-12 08:25:35');

/*Table structure for table `oauth_auth_codes` */

DROP TABLE IF EXISTS `oauth_auth_codes`;

CREATE TABLE `oauth_auth_codes` (
  `id` varchar(100) COLLATE utf8mb4_unicode_ci NOT NULL,
  `user_id` bigint(20) unsigned NOT NULL,
  `client_id` bigint(20) unsigned NOT NULL,
  `scopes` text COLLATE utf8mb4_unicode_ci DEFAULT NULL,
  `revoked` tinyint(1) NOT NULL,
  `expires_at` datetime DEFAULT NULL,
  PRIMARY KEY (`id`),
  KEY `oauth_auth_codes_user_id_index` (`user_id`)
) ENGINE=InnoDB DEFAULT CHARSET=utf8mb4 COLLATE=utf8mb4_unicode_ci;

/*Data for the table `oauth_auth_codes` */

/*Table structure for table `oauth_clients` */

DROP TABLE IF EXISTS `oauth_clients`;

CREATE TABLE `oauth_clients` (
  `id` bigint(20) unsigned NOT NULL AUTO_INCREMENT,
  `user_id` bigint(20) unsigned DEFAULT NULL,
  `name` varchar(255) COLLATE utf8mb4_unicode_ci NOT NULL,
  `secret` varchar(100) COLLATE utf8mb4_unicode_ci DEFAULT NULL,
  `provider` varchar(255) COLLATE utf8mb4_unicode_ci DEFAULT NULL,
  `redirect` text COLLATE utf8mb4_unicode_ci NOT NULL,
  `personal_access_client` tinyint(1) NOT NULL,
  `password_client` tinyint(1) NOT NULL,
  `revoked` tinyint(1) NOT NULL,
  `created_at` timestamp NULL DEFAULT NULL,
  `updated_at` timestamp NULL DEFAULT NULL,
  PRIMARY KEY (`id`),
  KEY `oauth_clients_user_id_index` (`user_id`)
) ENGINE=InnoDB AUTO_INCREMENT=3 DEFAULT CHARSET=utf8mb4 COLLATE=utf8mb4_unicode_ci;

/*Data for the table `oauth_clients` */

insert  into `oauth_clients`(`id`,`user_id`,`name`,`secret`,`provider`,`redirect`,`personal_access_client`,`password_client`,`revoked`,`created_at`,`updated_at`) values 
(1,NULL,'Laravel Personal Access Client','gWIbgZoMXFCgPqP5e1WiUM7xkO67cVY48ehz2Lth',NULL,'http://localhost',1,0,0,'2021-06-09 11:30:20','2021-06-09 11:30:20'),
(2,NULL,'Laravel Password Grant Client','zNErqFJCjAVeJ4hEpSZvTVvu6LE2RhUFdzngAy4x','users','http://localhost',0,1,0,'2021-06-09 11:30:20','2021-06-09 11:30:20');

/*Table structure for table `oauth_personal_access_clients` */

DROP TABLE IF EXISTS `oauth_personal_access_clients`;

CREATE TABLE `oauth_personal_access_clients` (
  `id` bigint(20) unsigned NOT NULL AUTO_INCREMENT,
  `client_id` bigint(20) unsigned NOT NULL,
  `created_at` timestamp NULL DEFAULT NULL,
  `updated_at` timestamp NULL DEFAULT NULL,
  PRIMARY KEY (`id`)
) ENGINE=InnoDB AUTO_INCREMENT=2 DEFAULT CHARSET=utf8mb4 COLLATE=utf8mb4_unicode_ci;

/*Data for the table `oauth_personal_access_clients` */

insert  into `oauth_personal_access_clients`(`id`,`client_id`,`created_at`,`updated_at`) values 
(1,1,'2021-06-09 11:30:20','2021-06-09 11:30:20');

/*Table structure for table `oauth_refresh_tokens` */

DROP TABLE IF EXISTS `oauth_refresh_tokens`;

CREATE TABLE `oauth_refresh_tokens` (
  `id` varchar(100) COLLATE utf8mb4_unicode_ci NOT NULL,
  `access_token_id` varchar(100) COLLATE utf8mb4_unicode_ci NOT NULL,
  `revoked` tinyint(1) NOT NULL,
  `expires_at` datetime DEFAULT NULL,
  PRIMARY KEY (`id`)
) ENGINE=InnoDB DEFAULT CHARSET=utf8mb4 COLLATE=utf8mb4_unicode_ci;

/*Data for the table `oauth_refresh_tokens` */

/*Table structure for table `password_resets` */

DROP TABLE IF EXISTS `password_resets`;

CREATE TABLE `password_resets` (
  `email` varchar(255) COLLATE utf8mb4_unicode_ci NOT NULL,
  `token` varchar(255) COLLATE utf8mb4_unicode_ci NOT NULL,
  `created_at` timestamp NULL DEFAULT NULL,
  KEY `password_resets_email_index` (`email`)
) ENGINE=InnoDB DEFAULT CHARSET=utf8mb4 COLLATE=utf8mb4_unicode_ci;

/*Data for the table `password_resets` */

/*Table structure for table `polls` */

DROP TABLE IF EXISTS `polls`;

CREATE TABLE `polls` (
  `id` bigint(20) unsigned NOT NULL AUTO_INCREMENT,
  `owner_id` int(11) NOT NULL,
  `branch_id` int(11) NOT NULL,
  `agent_id` int(11) NOT NULL,
  `score` double(3,1) NOT NULL,
  `score_emp` double(3,1) NOT NULL,
  `score_ser` double(3,1) NOT NULL,
  `score_env` double(3,1) NOT NULL,
  `score_non` double(3,1) NOT NULL,
  `created_at` timestamp NULL DEFAULT NULL,
  `updated_at` timestamp NULL DEFAULT NULL,
  PRIMARY KEY (`id`)
) ENGINE=InnoDB DEFAULT CHARSET=utf8mb4 COLLATE=utf8mb4_unicode_ci;

/*Data for the table `polls` */

/*Table structure for table `questions` */

DROP TABLE IF EXISTS `questions`;

CREATE TABLE `questions` (
  `id` int(10) unsigned NOT NULL AUTO_INCREMENT,
  `survey_id` int(10) unsigned NOT NULL,
  `description` varchar(1023) COLLATE utf8mb4_unicode_ci NOT NULL,
  `class` int(11) NOT NULL,
  `rating_cat_id` int(11) NOT NULL,
  `answer` text COLLATE utf8mb4_unicode_ci NOT NULL,
  `created_at` timestamp NULL DEFAULT NULL,
  `updated_at` timestamp NULL DEFAULT NULL,
  PRIMARY KEY (`id`),
  KEY `questions_survey_id_foreign` (`survey_id`),
  CONSTRAINT `questions_survey_id_foreign` FOREIGN KEY (`survey_id`) REFERENCES `surveys` (`id`) ON DELETE CASCADE
) ENGINE=InnoDB DEFAULT CHARSET=utf8mb4 COLLATE=utf8mb4_unicode_ci;

/*Data for the table `questions` */

/*Table structure for table `rating_cat` */

DROP TABLE IF EXISTS `rating_cat`;

CREATE TABLE `rating_cat` (
  `id` bigint(20) unsigned NOT NULL AUTO_INCREMENT,
  `name` varchar(255) COLLATE utf8mb4_unicode_ci NOT NULL,
  `created_at` timestamp NULL DEFAULT NULL,
  `updated_at` timestamp NULL DEFAULT NULL,
  PRIMARY KEY (`id`)
) ENGINE=InnoDB DEFAULT CHARSET=utf8mb4 COLLATE=utf8mb4_unicode_ci;

/*Data for the table `rating_cat` */

/*Table structure for table `ratings` */

DROP TABLE IF EXISTS `ratings`;

CREATE TABLE `ratings` (
  `id` bigint(20) unsigned NOT NULL AUTO_INCREMENT,
  `category_id` int(11) NOT NULL,
  `name` varchar(255) COLLATE utf8mb4_unicode_ci NOT NULL,
  `content` varchar(255) COLLATE utf8mb4_unicode_ci NOT NULL,
  `score` int(11) NOT NULL,
  `owner_id` int(11) NOT NULL,
  `active` int(11) NOT NULL,
  `created_at` timestamp NULL DEFAULT NULL,
  `updated_at` timestamp NULL DEFAULT NULL,
  PRIMARY KEY (`id`)
) ENGINE=InnoDB DEFAULT CHARSET=utf8mb4 COLLATE=utf8mb4_unicode_ci;

/*Data for the table `ratings` */

/*Table structure for table `surveys` */

DROP TABLE IF EXISTS `surveys`;

CREATE TABLE `surveys` (
  `id` int(10) unsigned NOT NULL AUTO_INCREMENT,
  `user_id` int(10) unsigned NOT NULL,
  `branch_id` int(11) NOT NULL,
  `name` varchar(255) COLLATE utf8mb4_unicode_ci NOT NULL,
  `description` text COLLATE utf8mb4_unicode_ci DEFAULT NULL,
  `languages` varchar(255) COLLATE utf8mb4_unicode_ci NOT NULL,
  `status` enum('draft','ready') COLLATE utf8mb4_unicode_ci NOT NULL DEFAULT 'draft',
  `created_at` timestamp NULL DEFAULT NULL,
  `updated_at` timestamp NULL DEFAULT NULL,
  PRIMARY KEY (`id`),
  KEY `surveys_user_id_foreign` (`user_id`),
  CONSTRAINT `surveys_user_id_foreign` FOREIGN KEY (`user_id`) REFERENCES `users` (`id`) ON DELETE CASCADE
) ENGINE=InnoDB DEFAULT CHARSET=utf8mb4 COLLATE=utf8mb4_unicode_ci;

/*Data for the table `surveys` */

/*Table structure for table `template` */

DROP TABLE IF EXISTS `template`;

CREATE TABLE `template` (
  `id` bigint(20) unsigned NOT NULL AUTO_INCREMENT,
  `name` varchar(255) COLLATE utf8mb4_unicode_ci NOT NULL,
  `description` varchar(255) COLLATE utf8mb4_unicode_ci NOT NULL,
  `header_left` varchar(255) COLLATE utf8mb4_unicode_ci DEFAULT NULL,
  `header_center` varchar(255) COLLATE utf8mb4_unicode_ci DEFAULT NULL,
  `header_right` varchar(255) COLLATE utf8mb4_unicode_ci DEFAULT NULL,
  `footer_left` varchar(255) COLLATE utf8mb4_unicode_ci DEFAULT NULL,
  `footer_center` varchar(255) COLLATE utf8mb4_unicode_ci DEFAULT NULL,
  `footer_right` varchar(255) COLLATE utf8mb4_unicode_ci DEFAULT NULL,
  `status` enum('draft','ready') COLLATE utf8mb4_unicode_ci NOT NULL DEFAULT 'draft',
  `owner_id` int(11) NOT NULL,
  `created_at` timestamp NULL DEFAULT NULL,
  `updated_at` timestamp NULL DEFAULT NULL,
  PRIMARY KEY (`id`)
) ENGINE=InnoDB DEFAULT CHARSET=utf8mb4 COLLATE=utf8mb4_unicode_ci;

/*Data for the table `template` */

/*Table structure for table `users` */

DROP TABLE IF EXISTS `users`;

CREATE TABLE `users` (
  `id` int(10) unsigned NOT NULL AUTO_INCREMENT,
  `active` int(11) NOT NULL,
  `email` varchar(255) COLLATE utf8mb4_unicode_ci NOT NULL,
  `password` varchar(255) COLLATE utf8mb4_unicode_ci NOT NULL,
  `firstName` varchar(255) COLLATE utf8mb4_unicode_ci NOT NULL,
  `lastName` varchar(255) COLLATE utf8mb4_unicode_ci NOT NULL,
  `employeeId` varchar(255) COLLATE utf8mb4_unicode_ci NOT NULL,
  `photo` varchar(255) COLLATE utf8mb4_unicode_ci NOT NULL,
  `branch` int(11) NOT NULL,
  `role` int(11) NOT NULL,
  `parent_id` int(11) NOT NULL,
  `connection` enum('online','offline') COLLATE utf8mb4_unicode_ci NOT NULL DEFAULT 'offline',
  `sigPerMin` int(11) NOT NULL DEFAULT 0,
  `remember_token` varchar(100) COLLATE utf8mb4_unicode_ci DEFAULT NULL,
  `created_at` timestamp NULL DEFAULT NULL,
  `updated_at` timestamp NULL DEFAULT NULL,
  PRIMARY KEY (`id`),
  UNIQUE KEY `users_email_unique` (`email`)
) ENGINE=InnoDB AUTO_INCREMENT=3 DEFAULT CHARSET=utf8mb4 COLLATE=utf8mb4_unicode_ci;

/*Data for the table `users` */

insert  into `users`(`id`,`active`,`email`,`password`,`firstName`,`lastName`,`employeeId`,`photo`,`branch`,`role`,`parent_id`,`connection`,`sigPerMin`,`remember_token`,`created_at`,`updated_at`) values 
(1,1,'user@gmail.com','$2y$10$OxSE.b1KKrZ.wbr9cgCMZeLUajWm2KbQASLaD66itYpVnrc9VxvC6','Liu','Xing','33319674-013c-4fed-a557-3becbd75011d','',0,2,0,'online',0,NULL,'2021-06-09 11:06:37','2021-06-09 14:46:31'),
(2,1,'admin@gmail.com','$2y$10$eqW.HPOsYIT0AxrMZUpRYOpDnwcSKb94XwteHt55Akh2Jxh.2JfWa','Denis','Tuktarov','422520d0-42c4-4f2f-8e49-06db0e7e0d1f','',0,2,0,'online',1,NULL,'2021-06-09 14:35:37','2021-06-09 14:46:59');

/*!40101 SET SQL_MODE=@OLD_SQL_MODE */;
/*!40014 SET FOREIGN_KEY_CHECKS=@OLD_FOREIGN_KEY_CHECKS */;
/*!40014 SET UNIQUE_CHECKS=@OLD_UNIQUE_CHECKS */;
/*!40111 SET SQL_NOTES=@OLD_SQL_NOTES */;
