/*
SQLyog Community v13.1.1 (64 bit)
MySQL - 10.4.18-MariaDB : Database - pushnotification
*********************************************************************
*/

/*!40101 SET NAMES utf8 */;

/*!40101 SET SQL_MODE=''*/;

/*!40014 SET @OLD_UNIQUE_CHECKS=@@UNIQUE_CHECKS, UNIQUE_CHECKS=0 */;
/*!40014 SET @OLD_FOREIGN_KEY_CHECKS=@@FOREIGN_KEY_CHECKS, FOREIGN_KEY_CHECKS=0 */;
/*!40101 SET @OLD_SQL_MODE=@@SQL_MODE, SQL_MODE='NO_AUTO_VALUE_ON_ZERO' */;
/*!40111 SET @OLD_SQL_NOTES=@@SQL_NOTES, SQL_NOTES=0 */;
CREATE DATABASE /*!32312 IF NOT EXISTS*/`pushnotification` /*!40100 DEFAULT CHARACTER SET utf8mb4 */;

USE `pushnotification`;

/*Table structure for table `failed_jobs` */

DROP TABLE IF EXISTS `failed_jobs`;

CREATE TABLE `failed_jobs` (
  `id` bigint(20) unsigned NOT NULL AUTO_INCREMENT,
  `uuid` varchar(255) COLLATE utf8mb4_unicode_ci NOT NULL,
  `connection` text COLLATE utf8mb4_unicode_ci NOT NULL,
  `queue` text COLLATE utf8mb4_unicode_ci NOT NULL,
  `payload` longtext COLLATE utf8mb4_unicode_ci NOT NULL,
  `exception` longtext COLLATE utf8mb4_unicode_ci NOT NULL,
  `failed_at` timestamp NOT NULL DEFAULT current_timestamp(),
  PRIMARY KEY (`id`),
  UNIQUE KEY `failed_jobs_uuid_unique` (`uuid`)
) ENGINE=InnoDB DEFAULT CHARSET=utf8mb4 COLLATE=utf8mb4_unicode_ci;

/*Data for the table `failed_jobs` */

/*Table structure for table `migrations` */

DROP TABLE IF EXISTS `migrations`;

CREATE TABLE `migrations` (
  `id` int(10) unsigned NOT NULL AUTO_INCREMENT,
  `migration` varchar(255) COLLATE utf8mb4_unicode_ci NOT NULL,
  `batch` int(11) NOT NULL,
  PRIMARY KEY (`id`)
) ENGINE=InnoDB AUTO_INCREMENT=13 DEFAULT CHARSET=utf8mb4 COLLATE=utf8mb4_unicode_ci;

/*Data for the table `migrations` */

insert  into `migrations`(`id`,`migration`,`batch`) values 
(1,'2014_10_12_000000_create_users_table',1),
(2,'2014_10_12_100000_create_password_resets_table',1),
(3,'2016_06_01_000001_create_oauth_auth_codes_table',1),
(4,'2016_06_01_000002_create_oauth_access_tokens_table',1),
(5,'2016_06_01_000003_create_oauth_refresh_tokens_table',1),
(6,'2016_06_01_000004_create_oauth_clients_table',1),
(7,'2016_06_01_000005_create_oauth_personal_access_clients_table',1),
(8,'2019_08_19_000000_create_failed_jobs_table',1),
(9,'2021_04_03_093425_add_fcm_token_column_to_users_table',1),
(10,'2021_06_15_115730_create_music_table',1),
(11,'2021_06_15_115958_create_shill_table',1),
(12,'2021_06_27_195729_change_avatar_from_users_table',2);

/*Table structure for table `music` */

DROP TABLE IF EXISTS `music`;

CREATE TABLE `music` (
  `id` bigint(20) unsigned NOT NULL AUTO_INCREMENT,
  `title` varchar(255) COLLATE utf8mb4_unicode_ci NOT NULL,
  `url` varchar(255) COLLATE utf8mb4_unicode_ci DEFAULT NULL,
  `album` varchar(255) COLLATE utf8mb4_unicode_ci DEFAULT NULL,
  `artist` varchar(255) COLLATE utf8mb4_unicode_ci DEFAULT NULL,
  `artwork` varchar(255) COLLATE utf8mb4_unicode_ci DEFAULT NULL,
  `created_at` timestamp NULL DEFAULT NULL,
  `updated_at` timestamp NULL DEFAULT NULL,
  PRIMARY KEY (`id`)
) ENGINE=InnoDB AUTO_INCREMENT=2 DEFAULT CHARSET=utf8mb4 COLLATE=utf8mb4_unicode_ci;

/*Data for the table `music` */

insert  into `music`(`id`,`title`,`url`,`album`,`artist`,`artwork`,`created_at`,`updated_at`) values 
(1,'Sample 1','http://192.168.104.59:8000/storage/Music/file_example_MP3_700KB.mp3','adsf','awfe','https://picsum.photos/100/100','2021-06-29 19:40:20',NULL);

/*Table structure for table `oauth_access_tokens` */

DROP TABLE IF EXISTS `oauth_access_tokens`;

CREATE TABLE `oauth_access_tokens` (
  `id` varchar(100) COLLATE utf8mb4_unicode_ci NOT NULL,
  `user_id` bigint(20) unsigned DEFAULT NULL,
  `client_id` char(36) COLLATE utf8mb4_unicode_ci NOT NULL,
  `name` varchar(255) COLLATE utf8mb4_unicode_ci DEFAULT NULL,
  `scopes` text COLLATE utf8mb4_unicode_ci DEFAULT NULL,
  `revoked` tinyint(1) NOT NULL,
  `created_at` timestamp NULL DEFAULT NULL,
  `updated_at` timestamp NULL DEFAULT NULL,
  `expires_at` datetime DEFAULT NULL,
  PRIMARY KEY (`id`),
  KEY `oauth_access_tokens_user_id_index` (`user_id`)
) ENGINE=InnoDB DEFAULT CHARSET=utf8mb4 COLLATE=utf8mb4_unicode_ci;

/*Data for the table `oauth_access_tokens` */

insert  into `oauth_access_tokens`(`id`,`user_id`,`client_id`,`name`,`scopes`,`revoked`,`created_at`,`updated_at`,`expires_at`) values 
('0017d1ec8d5c057ccfa625f88cb68d754bb989a11afcc4428042a4b89faf0cb79ce62c5f5ebb5abd',1,'93ae2dfe-dce4-4f76-810e-d0dee652fbc5','TutsForWeb','[]',0,'2021-06-25 16:22:41','2021-06-25 16:22:41','2022-06-25 16:22:41'),
('00425b61119539c048bfa85c2aa7fb149efda48634dbb9348810af95532e0813bb1dcafef3a372b9',1,'93ae2dfe-dce4-4f76-810e-d0dee652fbc5','TutsForWeb','[]',0,'2021-06-20 21:52:56','2021-06-20 21:52:56','2022-06-20 21:52:56'),
('02bf19c6093afd955bcee44a788b8f589b2058e74225fbbd4daa068117a0c926babf46ebc5074c8f',1,'93ae2dfe-dce4-4f76-810e-d0dee652fbc5','TutsForWeb','[]',0,'2021-06-15 17:34:42','2021-06-15 17:34:42','2022-06-15 17:34:42'),
('02eeae1eb05cba65b7b9994dccf8f1921fde614291df9f7bb7a3e113682f814b04d3148d2f454b46',1,'93ae2dfe-dce4-4f76-810e-d0dee652fbc5','TutsForWeb','[]',0,'2021-06-27 19:05:48','2021-06-27 19:05:48','2022-06-27 19:05:48'),
('02f2c42d5e0bbb5c196d89292a4c0cbc5e06c51acf637c105f4ceca7064e80f47900c6a3dd433155',1,'93ae2dfe-dce4-4f76-810e-d0dee652fbc5','TutsForWeb','[]',0,'2021-06-24 19:56:14','2021-06-24 19:56:14','2022-06-24 19:56:14'),
('0480180a53eb4a44f8dda73d7bed38c8054f8841a68a747fe43b27e7a8907f96351cca5431c265a9',1,'93ae2dfe-dce4-4f76-810e-d0dee652fbc5','TutsForWeb','[]',0,'2021-06-15 16:59:35','2021-06-15 16:59:35','2022-06-15 16:59:35'),
('05736c0591dc87de52bbcc7cbe11651c908c5a151b9a8a1cefc7cf89fcfaa2f96e3c22b36fbae981',1,'93ae2dfe-dce4-4f76-810e-d0dee652fbc5','TutsForWeb','[]',0,'2021-06-15 14:13:29','2021-06-15 14:13:29','2022-06-15 14:13:29'),
('0759e64e9815038ccf289babc4883d907d1d5989f3b56d6a4ab7e445ca2f6d27ae81fcfd981bb5c4',1,'93ae2dfe-dce4-4f76-810e-d0dee652fbc5','TutsForWeb','[]',0,'2021-06-21 04:20:25','2021-06-21 04:20:25','2022-06-21 04:20:25'),
('0a34c71df581075b67f3cbb84350c79bdeae68eedad0fa534d1755246a83382b3b66c73fdefd376d',1,'93ae2dfe-dce4-4f76-810e-d0dee652fbc5','TutsForWeb','[]',0,'2021-06-15 14:15:18','2021-06-15 14:15:18','2022-06-15 14:15:18'),
('0a7cd503968702fc155eee9a848210ca9365c872e173081ac2a160c7afdd4cb7fb4baa2d6ae51f82',1,'93ae2dfe-dce4-4f76-810e-d0dee652fbc5','TutsForWeb','[]',0,'2021-06-21 05:42:53','2021-06-21 05:42:53','2022-06-21 05:42:53'),
('0af8401d8ea55a72fe5a6e0f2e760836f4fc949f7a6410119d8207bed1e70fd72f3156681b798dfb',1,'93ae2dfe-dce4-4f76-810e-d0dee652fbc5','TutsForWeb','[]',0,'2021-06-15 14:10:41','2021-06-15 14:10:41','2022-06-15 14:10:41'),
('0b1a047149bfc4767b6bc273801cea1d582f4c3cf3b777b6f69a6c0ac0ddf361bab708e067014b6d',1,'93ae2dfe-dce4-4f76-810e-d0dee652fbc5','TutsForWeb','[]',0,'2021-06-24 19:05:55','2021-06-24 19:05:55','2022-06-24 19:05:55'),
('0d9f5a5724a68225368ab56a1d0ad89c87ec61ff93d225ea02ef6c4299eab08209b806ad3f2dc153',1,'93ae2dfe-dce4-4f76-810e-d0dee652fbc5','TutsForWeb','[]',0,'2021-06-15 14:12:31','2021-06-15 14:12:31','2022-06-15 14:12:31'),
('0ee3606b64750969b2b1f9d17352be4399f717b7dae593def1ed498d4319d8cd79d8d5ffa782a1f0',1,'93ae2dfe-dce4-4f76-810e-d0dee652fbc5','TutsForWeb','[]',0,'2021-06-20 23:09:39','2021-06-20 23:09:39','2022-06-20 23:09:39'),
('0fa6d9bbe4eb363e421be3b51b0eebcbf969522206f02951c16bcdfabc5fc076ecece0388d41eef3',1,'93ae2dfe-dce4-4f76-810e-d0dee652fbc5','TutsForWeb','[]',0,'2021-06-28 12:47:40','2021-06-28 12:47:40','2022-06-28 12:47:40'),
('10675824dfb113f7551443a8b874d76cfc8234e76c06622822c07d996ff608ae1e46089fd808bd94',1,'93ae2dfe-dce4-4f76-810e-d0dee652fbc5','TutsForWeb','[]',0,'2021-06-27 21:43:57','2021-06-27 21:43:57','2022-06-27 21:43:57'),
('143c4104acb562b0f36a27040ebfb16008b929f79a165d17c8b9e3c6649d91c2324a8d17a523edfb',1,'93ae2dfe-dce4-4f76-810e-d0dee652fbc5','TutsForWeb','[]',0,'2021-06-16 05:12:04','2021-06-16 05:12:04','2022-06-16 05:12:04'),
('15ef6f043ea289dd459b8e136edd905198e01d6900c949d7df622823822438660915141b50665c29',1,'93ae2dfe-dce4-4f76-810e-d0dee652fbc5','TutsForWeb','[]',0,'2021-06-28 14:46:35','2021-06-28 14:46:35','2022-06-28 14:46:35'),
('17bff8c09388fed1f212b81aaa1ac8464c784a2b0b90f662dbacafbf09190187a2d65e3b6d08d4dd',1,'93ae2dfe-dce4-4f76-810e-d0dee652fbc5','TutsForWeb','[]',0,'2021-06-21 05:02:29','2021-06-21 05:02:29','2022-06-21 05:02:29'),
('187accc25ddea8cb6a53c03ea60e1ab3b2f804c50b2e0b242b3fa9371f9650044a38821d7572ea01',1,'93ae2dfe-dce4-4f76-810e-d0dee652fbc5','TutsForWeb','[]',0,'2021-06-16 17:50:28','2021-06-16 17:50:28','2022-06-16 17:50:28'),
('1a8d8f98a5785d28cfc147bd1ce0f6cd896f39c619f7008bc903bc7cec0ace958731877742edb4bc',1,'93ae2dfe-dce4-4f76-810e-d0dee652fbc5','TutsForWeb','[]',0,'2021-06-15 14:39:17','2021-06-15 14:39:17','2022-06-15 14:39:17'),
('1c6f46b9901adbb9e10b3fa317459eab291ebe6acce779778f2caf5f8c3f78818dccb497622fafb8',1,'93ae2dfe-dce4-4f76-810e-d0dee652fbc5','TutsForWeb','[]',0,'2021-06-29 11:21:54','2021-06-29 11:21:54','2022-06-29 11:21:54'),
('1d9ec74757990fd9846cb7c7c39e8fb5943b266f7857be98b440ac5f6b26372bf8580e0c7ab3af62',1,'93ae2dfe-dce4-4f76-810e-d0dee652fbc5','TutsForWeb','[]',0,'2021-06-15 14:33:17','2021-06-15 14:33:17','2022-06-15 14:33:17'),
('1ed97e8d12a8804b077601f496ea81b4f62d64528862d34169cdcc00d65a9e77b200ad9091bb0777',1,'93ae2dfe-dce4-4f76-810e-d0dee652fbc5','TutsForWeb','[]',0,'2021-06-16 16:50:02','2021-06-16 16:50:02','2022-06-16 16:50:02'),
('204c340af790a91002c789339042f23ec14c43bc9487adb95714f9261201932c9e3739e4c196bed6',1,'93ae2dfe-dce4-4f76-810e-d0dee652fbc5','TutsForWeb','[]',0,'2021-06-28 13:14:26','2021-06-28 13:14:26','2022-06-28 13:14:26'),
('222f45586d916c28e8c012ebc47ee204584e036cea9c82b13d759340f142b37c426c91a3e686af65',1,'93ae2dfe-dce4-4f76-810e-d0dee652fbc5','TutsForWeb','[]',0,'2021-06-29 16:06:43','2021-06-29 16:06:43','2022-06-29 16:06:43'),
('25bab5d397b8635277637441af9752fa8ac2572cb63cc3cd30300556a54bcb30027b3507b46ea67f',1,'93ae2dfe-dce4-4f76-810e-d0dee652fbc5','TutsForWeb','[]',0,'2021-06-29 11:13:59','2021-06-29 11:13:59','2022-06-29 11:13:59'),
('263a78118f23c921d8c3ceb4c3b116abab9c99b501d84c5337384f537f633bde987b94e42d4e7698',1,'93ae2dfe-dce4-4f76-810e-d0dee652fbc5','TutsForWeb','[]',0,'2021-06-24 19:41:50','2021-06-24 19:41:50','2022-06-24 19:41:50'),
('2844cc9816eacd03f95ece3ff2b680dc432f7ddc91a5651c7356b9ff22a39d12e6b614c333d24914',1,'93ae2dfe-dce4-4f76-810e-d0dee652fbc5','TutsForWeb','[]',0,'2021-06-16 16:29:42','2021-06-16 16:29:42','2022-06-16 16:29:42'),
('28880311e033641df9f888108f908e2bbc1cd8f174e48149988a6660fde22aa3552205dd98fcd01a',1,'93ae2dfe-dce4-4f76-810e-d0dee652fbc5','TutsForWeb','[]',0,'2021-06-28 14:50:37','2021-06-28 14:50:37','2022-06-28 14:50:37'),
('289f9b4fc451e21af3804d0171ebe03024040463380697407948c44ef4c792e7ae4d7c0e68193227',1,'93ae2dfe-dce4-4f76-810e-d0dee652fbc5','TutsForWeb','[]',0,'2021-06-26 22:24:42','2021-06-26 22:24:42','2022-06-26 22:24:42'),
('2aa27cb563721b7f960d1198a194395fc2af8f96934afa0fc4ab1df9f7a76d9231259a0dec90fd0c',1,'93ae2dfe-dce4-4f76-810e-d0dee652fbc5','TutsForWeb','[]',0,'2021-06-28 11:42:32','2021-06-28 11:42:32','2022-06-28 11:42:32'),
('2ac5b9af0fb337e7ae52d91ed446281e9559e5b34e888693a003cafe02d2176f15af3de659198f15',1,'93ae2dfe-dce4-4f76-810e-d0dee652fbc5','TutsForWeb','[]',0,'2021-06-26 14:19:57','2021-06-26 14:19:57','2022-06-26 14:19:57'),
('2b66a5602692a1145af52249d1ee7919e0bf07c1048d518a75619496939aae8b5c3a53d5f653cfa8',1,'93ae2dfe-dce4-4f76-810e-d0dee652fbc5','TutsForWeb','[]',0,'2021-06-24 06:00:02','2021-06-24 06:00:02','2022-06-24 06:00:02'),
('2cb5064ce129fb1a2ddb9cc86e1af2227a10f712137c6d0f0f15870763b129ab870812175ee066b6',1,'93ae2dfe-dce4-4f76-810e-d0dee652fbc5','TutsForWeb','[]',0,'2021-06-28 14:33:41','2021-06-28 14:33:41','2022-06-28 14:33:41'),
('2d049740ee60906038f3764614006d8bb2bd5689ffe2ae6dc6f54fa3cfdde4f92ffc315e5a774adc',1,'93ae2dfe-dce4-4f76-810e-d0dee652fbc5','TutsForWeb','[]',0,'2021-06-28 15:01:14','2021-06-28 15:01:14','2022-06-28 15:01:14'),
('2d28ae1aafdeed8e200795c40954723fdc1ce016a977a36d22413b92e677c26d04376f74c3f884e8',1,'93ae2dfe-dce4-4f76-810e-d0dee652fbc5','TutsForWeb','[]',0,'2021-06-24 16:55:22','2021-06-24 16:55:22','2022-06-24 16:55:22'),
('2e98220f254bacbe45cbb20e1425f216942bdf29437ff9afebca25bfb168b3855f176d857c87e793',1,'93ae2dfe-dce4-4f76-810e-d0dee652fbc5','TutsForWeb','[]',0,'2021-06-28 11:53:34','2021-06-28 11:53:34','2022-06-28 11:53:34'),
('300ee795a2961cee173602d2fe044c4687cb8976e3d0314ccf749f1c984df286906035f5925168d9',1,'93ae2dfe-dce4-4f76-810e-d0dee652fbc5','TutsForWeb','[]',0,'2021-06-27 18:57:33','2021-06-27 18:57:33','2022-06-27 18:57:33'),
('30d3ca6d2d4374196012a99a5458f8576500f369729f3fc2bd8890a40d31e92c9a7ee7d37b2ac077',1,'93ae2dfe-dce4-4f76-810e-d0dee652fbc5','TutsForWeb','[]',0,'2021-06-24 08:36:42','2021-06-24 08:36:42','2022-06-24 08:36:42'),
('33580e2ade0e63f20c271744ec54212f3656f99e4524e6e7688c395c92f1043d2bb32d9e70ed33b5',1,'93ae2dfe-dce4-4f76-810e-d0dee652fbc5','TutsForWeb','[]',0,'2021-06-20 20:13:48','2021-06-20 20:13:48','2022-06-20 20:13:48'),
('36db0d988778d5486f102c239ccf39ec14747ec8c4b9f9dcb3283686aa2150a50b23bd10c9dfe010',1,'93ae2dfe-dce4-4f76-810e-d0dee652fbc5','TutsForWeb','[]',0,'2021-06-27 23:12:55','2021-06-27 23:12:55','2022-06-27 23:12:55'),
('370cc5b906c60f0046e0a110bab3b6f334ddcde1ab78bf23b22a3aae2f3991403aac65776d94fe54',1,'93ae2dfe-dce4-4f76-810e-d0dee652fbc5','TutsForWeb','[]',0,'2021-06-15 14:08:28','2021-06-15 14:08:28','2022-06-15 14:08:28'),
('3835fb6cfa87fd7ad4dcba6bd7c25e9577108b202a7be94e84424619d0ccf4f17775fc2ec7ca098c',1,'93ae2dfe-dce4-4f76-810e-d0dee652fbc5','TutsForWeb','[]',0,'2021-06-28 10:04:30','2021-06-28 10:04:30','2022-06-28 10:04:30'),
('38cab07449906ef2511059e7a360d12dc796c25c21a5a71afb9193dc17d2f01f220daa0c14526be5',1,'93ae2dfe-dce4-4f76-810e-d0dee652fbc5','TutsForWeb','[]',0,'2021-06-20 21:49:24','2021-06-20 21:49:24','2022-06-20 21:49:24'),
('3a1b7217e1f10fa24a06b8086461c3245744078072e1f3ce881085009ef6062cd1ce04c54ade8e09',1,'93ae2dfe-dce4-4f76-810e-d0dee652fbc5','TutsForWeb','[]',0,'2021-06-28 10:16:07','2021-06-28 10:16:07','2022-06-28 10:16:07'),
('3a4c27b785425a5351d3cd6795eb4bde011a149e61e97d1b162658a9d241b5c06b4e3c72c9eb99fc',1,'93ae2dfe-dce4-4f76-810e-d0dee652fbc5','TutsForWeb','[]',0,'2021-06-28 10:12:10','2021-06-28 10:12:10','2022-06-28 10:12:10'),
('3a624d882e3bdbffb7253e56693bb3366a07d3b64575eb515071ab273ddb80c7c105a7193bf11037',1,'93ae2dfe-dce4-4f76-810e-d0dee652fbc5','TutsForWeb','[]',0,'2021-06-21 03:50:02','2021-06-21 03:50:02','2022-06-21 03:50:02'),
('3b1c75ca31451abb5e8d143a673bf6ca928ba8edcb9daa53497f8c1226a2e1589d16e14c3c3a6f9f',1,'93ae2dfe-dce4-4f76-810e-d0dee652fbc5','TutsForWeb','[]',0,'2021-06-19 00:06:00','2021-06-19 00:06:00','2022-06-19 00:06:00'),
('3c74cfa7eeacb8f5bc40d8a678aa2bbc1c97080bb37acec23f64608adfaa920985f94842566276ee',1,'93ae2dfe-dce4-4f76-810e-d0dee652fbc5','TutsForWeb','[]',0,'2021-06-27 18:54:48','2021-06-27 18:54:48','2022-06-27 18:54:48'),
('3d1bddf10740fbc2e04f2c33ef27105a6b8d1385047fab30dda57ce877db9b9b00b2b6fb9648d3fe',1,'93ae2dfe-dce4-4f76-810e-d0dee652fbc5','TutsForWeb','[]',0,'2021-06-28 12:56:51','2021-06-28 12:56:51','2022-06-28 12:56:51'),
('3d2d2bce20738eddce3ef14130bea07b764c713827748dd2c385ec6f1d0564d09c222077e114d44a',1,'93ae2dfe-dce4-4f76-810e-d0dee652fbc5','TutsForWeb','[]',0,'2021-06-24 15:59:49','2021-06-24 15:59:49','2022-06-24 15:59:49'),
('3fe441cf7188025e39e34f170957c2debfe2331a9875b75e6e4d952ac26d642fed0ebb21c17113f6',1,'93ae2dfe-dce4-4f76-810e-d0dee652fbc5','TutsForWeb','[]',0,'2021-06-15 16:02:36','2021-06-15 16:02:36','2022-06-15 16:02:36'),
('3fead64767ceffa9ec2cd8ceaf2469d166dedb44a53ed6e4b830ff069051617dc58309ff34669900',1,'93ae2dfe-dce4-4f76-810e-d0dee652fbc5','TutsForWeb','[]',0,'2021-06-28 11:04:40','2021-06-28 11:04:40','2022-06-28 11:04:40'),
('403eee59e87fcac51418bdc7dfe4a4346575a2d704587c5a0f452b17bd466814b432522dfa9cecdd',1,'93ae2dfe-dce4-4f76-810e-d0dee652fbc5','TutsForWeb','[]',0,'2021-06-27 19:02:55','2021-06-27 19:02:55','2022-06-27 19:02:55'),
('40e02ff0d66ba6b1affe024d2415e723fbda9dd6c4f36098b2ece4b570b0e1d007809d2a7d20f64c',1,'93ae2dfe-dce4-4f76-810e-d0dee652fbc5','TutsForWeb','[]',0,'2021-06-26 17:42:24','2021-06-26 17:42:24','2022-06-26 17:42:24'),
('41af07fedbb032c7edbb487ee40c888392510a0195b05522a45d8c23681f9c4cb63fcd472a172c04',1,'93ae2dfe-dce4-4f76-810e-d0dee652fbc5','TutsForWeb','[]',0,'2021-06-16 09:38:15','2021-06-16 09:38:15','2022-06-16 09:38:15'),
('423d06d1e298246be07cad5c325dd004e4a31a5786b6766cb50aa5a35b5a992170e389c6afcf7cfc',1,'93ae2dfe-dce4-4f76-810e-d0dee652fbc5','TutsForWeb','[]',0,'2021-06-20 23:02:52','2021-06-20 23:02:52','2022-06-20 23:02:52'),
('42bbd981c75f2bd5fa772dc644a247381f6c35ba8775d441535c82600e196c47b4dc4ed69caaee6b',1,'93ae2dfe-dce4-4f76-810e-d0dee652fbc5','TutsForWeb','[]',0,'2021-06-27 19:02:17','2021-06-27 19:02:17','2022-06-27 19:02:17'),
('45a2cb10826dbb035dfe830a71d431bfbd20ef62dc19d101bc683b1d8ad7ae0c9f1a7f76ec9413ef',1,'93ae2dfe-dce4-4f76-810e-d0dee652fbc5','TutsForWeb','[]',0,'2021-06-20 22:46:17','2021-06-20 22:46:17','2022-06-20 22:46:17'),
('461343cb73705848d55508694c215fd1484edc9be45bb842a1d65fec9f5495a0e024d6c56c6ffc19',1,'93ae2dfe-dce4-4f76-810e-d0dee652fbc5','TutsForWeb','[]',0,'2021-06-27 18:27:34','2021-06-27 18:27:34','2022-06-27 18:27:34'),
('48e70c6af85a48505fe020cd2de52cd47ec55ac2bc1d9c5dfdbcecaa5cc9595c701a8bbc8afcdc73',1,'93ae2dfe-dce4-4f76-810e-d0dee652fbc5','TutsForWeb','[]',0,'2021-06-20 23:31:44','2021-06-20 23:31:44','2022-06-20 23:31:44'),
('4abdca9b51e10bfe8cd6cb144c05550319d22957ac6fa5a867a8943ed767f9b5f921ee3364853b57',1,'93ae2dfe-dce4-4f76-810e-d0dee652fbc5','TutsForWeb','[]',0,'2021-06-28 14:43:55','2021-06-28 14:43:55','2022-06-28 14:43:55'),
('4b020a0622e954236bb3e87582301a51d4984ce84ffb75e1acbfaf5c6879212dfa0e12722c7b3eea',2,'93ae2dfe-dce4-4f76-810e-d0dee652fbc5','TutsForWeb','[]',0,'2021-06-26 22:23:07','2021-06-26 22:23:07','2022-06-26 22:23:07'),
('4b20919545ac10ef10a2570b15f7498f1f627b42c7bb125061aeacfb59735379e5bdf54285bca0af',1,'93ae2dfe-dce4-4f76-810e-d0dee652fbc5','TutsForWeb','[]',0,'2021-06-28 13:24:25','2021-06-28 13:24:25','2022-06-28 13:24:25'),
('4d38f602c8246429adcf2097c2c16f7ca2f236daf5a0a469ec8466651f0fb121f4b30fe8d56caca4',1,'93ae2dfe-dce4-4f76-810e-d0dee652fbc5','TutsForWeb','[]',0,'2021-06-25 16:19:16','2021-06-25 16:19:16','2022-06-25 16:19:16'),
('4d73bfa0895703056920be6a913c8663c11ee4a2d6f6eacf4311e5f7594bc3c4effe4fd4e09f1837',1,'93ae2dfe-dce4-4f76-810e-d0dee652fbc5','TutsForWeb','[]',0,'2021-06-26 14:10:45','2021-06-26 14:10:45','2022-06-26 14:10:45'),
('4dc2330020fa90cc2c13ca2dcb28ca350a8490e642a926187a56762c31a81e1e1f8469652b8fdd19',2,'93ae2dfe-dce4-4f76-810e-d0dee652fbc5','TutsForWeb','[]',0,'2021-06-24 06:45:46','2021-06-24 06:45:46','2022-06-24 06:45:46'),
('4fcedcce183f186795211534af4fd35e6cbf62c561c91b66db9c924e05ac398684ca29a736d5a6d3',1,'93ae2dfe-dce4-4f76-810e-d0dee652fbc5','TutsForWeb','[]',0,'2021-06-27 16:24:04','2021-06-27 16:24:04','2022-06-27 16:24:04'),
('4fe7b8aa907a03a0fde3525ed2c8bd668a0592ac597498883133d1c89ef03e6bc7328f1b37d15152',1,'93ae2dfe-dce4-4f76-810e-d0dee652fbc5','TutsForWeb','[]',0,'2021-06-25 16:16:16','2021-06-25 16:16:16','2022-06-25 16:16:16'),
('50aea5b5c9ed7f7f7399caf09a10bc09fd3e2b287b3b5cfdc38e4b2d6ab3e0723b204ff8cc94277e',1,'93ae2dfe-dce4-4f76-810e-d0dee652fbc5','TutsForWeb','[]',0,'2021-06-24 11:27:01','2021-06-24 11:27:01','2022-06-24 11:27:01'),
('50fc630f1d10d498fb84a81ded97937eda1371d8a30dffe7ab7253c88bdc36feea6bda19f51d0fe9',1,'93ae2dfe-dce4-4f76-810e-d0dee652fbc5','TutsForWeb','[]',0,'2021-06-27 19:05:48','2021-06-27 19:05:48','2022-06-27 19:05:48'),
('524581559f2300b9d09ea2946f2dc2f72919c92dade1bb093f4fcea00a377db8a5e110eb47164e53',1,'93ae2dfe-dce4-4f76-810e-d0dee652fbc5','TutsForWeb','[]',0,'2021-06-28 10:54:53','2021-06-28 10:54:53','2022-06-28 10:54:53'),
('539f65a9a675fa7f556903933950ef0080c41bd28b150a7e46b623f719566f1c4b0a7d8fd996d078',1,'93ae2dfe-dce4-4f76-810e-d0dee652fbc5','TutsForWeb','[]',0,'2021-06-27 21:44:03','2021-06-27 21:44:03','2022-06-27 21:44:03'),
('542d85715d4aca702343ae9fdbbffbfec787833a61169ee0ecd4ea9007e7ac9bf5e7310f1c6003cc',1,'93ae2dfe-dce4-4f76-810e-d0dee652fbc5','TutsForWeb','[]',0,'2021-06-28 10:59:01','2021-06-28 10:59:01','2022-06-28 10:59:01'),
('554b0cf00dce88bda68a348c6d29aff72bc32080350b2a13dfe2e3ccc3412f3a4f4cef6fe745b361',1,'93ae2dfe-dce4-4f76-810e-d0dee652fbc5','TutsForWeb','[]',0,'2021-06-29 11:15:17','2021-06-29 11:15:17','2022-06-29 11:15:17'),
('56c1643f6e9f7dbe7fb2bc3f178d6958f1500421d80d26dc61f197127e3f972bfce20f6e8c65f726',1,'93ae2dfe-dce4-4f76-810e-d0dee652fbc5','TutsForWeb','[]',0,'2021-06-16 17:37:24','2021-06-16 17:37:24','2022-06-16 17:37:24'),
('56cb4ee68e875428b7c90377372e52b30c7347ad23d44c997f39cb78df6b50d987dfd1b10a7ea522',1,'93ae2dfe-dce4-4f76-810e-d0dee652fbc5','TutsForWeb','[]',0,'2021-06-15 16:46:54','2021-06-15 16:46:54','2022-06-15 16:46:54'),
('585b47a88e3d56a814be9af4361c7e36c750d5b9a27325bcba686eae82efc484eca1d68a0651490c',1,'93ae2dfe-dce4-4f76-810e-d0dee652fbc5','TutsForWeb','[]',0,'2021-06-16 16:35:48','2021-06-16 16:35:48','2022-06-16 16:35:48'),
('5893892934783f3c1290ad187015de37d7f0f2aa3b45f63c7a8be53f8e222fcb438f9c5b92758770',1,'93ae2dfe-dce4-4f76-810e-d0dee652fbc5','TutsForWeb','[]',0,'2021-06-21 04:30:20','2021-06-21 04:30:20','2022-06-21 04:30:20'),
('59f226784cb977afd7e8986f36cab17827854ce6f1fc49fa3cde65b0818b0d8b437e75c4279b97a0',1,'93ae2dfe-dce4-4f76-810e-d0dee652fbc5','TutsForWeb','[]',0,'2021-06-21 06:20:10','2021-06-21 06:20:10','2022-06-21 06:20:10'),
('5b3abe39a96870fb4ea6758a453264683be9e607c582aa881bddc3781b58cff708c2a13b671fb186',1,'93ae2dfe-dce4-4f76-810e-d0dee652fbc5','TutsForWeb','[]',0,'2021-06-28 11:42:32','2021-06-28 11:42:32','2022-06-28 11:42:32'),
('5c069d4145d66a1248b3c1c31ec81c72657b6743f48d9c4bba216ac7fc7acaee7f1730601cee7adf',2,'93ae2dfe-dce4-4f76-810e-d0dee652fbc5','TutsForWeb','[]',0,'2021-06-15 14:37:53','2021-06-15 14:37:53','2022-06-15 14:37:53'),
('5c700c5b2d4617c0fcdd048c6a4cd1bbd23806d1ea66c4f2cbe91b3e984423647114cdd40ee3c808',1,'93ae2dfe-dce4-4f76-810e-d0dee652fbc5','TutsForWeb','[]',0,'2021-06-27 16:34:26','2021-06-27 16:34:26','2022-06-27 16:34:26'),
('5dbf4a31fc75d07d16408b9a86ec743c5e35891ecc01144b7fdd75d37289582acfbe072fa046323c',1,'93ae2dfe-dce4-4f76-810e-d0dee652fbc5','TutsForWeb','[]',0,'2021-06-21 06:16:08','2021-06-21 06:16:08','2022-06-21 06:16:08'),
('5f27825a960f41e1aaf5122dcb6ab6d8ad8447b1242873d393de959399df302e408ae63088061b0e',1,'93ae2dfe-dce4-4f76-810e-d0dee652fbc5','TutsForWeb','[]',0,'2021-06-25 23:44:36','2021-06-25 23:44:36','2022-06-25 23:44:36'),
('5f662b5ffccdb6520ac6e5e4147860be5015652e1a64d83e7b82122b6ebbd12aeafc4d03164f6554',1,'93ae2dfe-dce4-4f76-810e-d0dee652fbc5','TutsForWeb','[]',0,'2021-06-28 12:46:46','2021-06-28 12:46:46','2022-06-28 12:46:46'),
('6058316b7bd337b90b6d3d5e337649c44f358657b8453569d5c813680cec98fb733147b3d7da1156',1,'93ae2dfe-dce4-4f76-810e-d0dee652fbc5','TutsForWeb','[]',0,'2021-06-29 16:04:42','2021-06-29 16:04:42','2022-06-29 16:04:42'),
('61ef51518e7d6099685ff3c55e353f88add11aae6b68169795893ad4af515748fd6a2b65e3c71a56',1,'93ae2dfe-dce4-4f76-810e-d0dee652fbc5','TutsForWeb','[]',0,'2021-06-21 04:29:53','2021-06-21 04:29:53','2022-06-21 04:29:53'),
('621ce1f20d799e5561ee7f5f8aba09435a22e8d92c531a42572fbbb36286b410704d9f8a8b31d0ce',1,'93ae2dfe-dce4-4f76-810e-d0dee652fbc5','TutsForWeb','[]',0,'2021-06-24 19:36:00','2021-06-24 19:36:00','2022-06-24 19:36:00'),
('6225a3f317cb6f7189457b85deb463f958001a075087048efcdd7fb4624892e0299f05675d434ba8',1,'93ae2dfe-dce4-4f76-810e-d0dee652fbc5','TutsForWeb','[]',0,'2021-06-28 13:12:47','2021-06-28 13:12:47','2022-06-28 13:12:47'),
('624495969c2d91af141e8b17e074ebb1cb76b469459df7d191ead8e06b8ee09dff9f45e5b331c4e1',1,'93ae2dfe-dce4-4f76-810e-d0dee652fbc5','TutsForWeb','[]',0,'2021-06-29 11:00:39','2021-06-29 11:00:39','2022-06-29 11:00:39'),
('62fd89d003dbdabb8c3c59545b761094a1a0d769c6076563343007dd85644bc6876038a0d7c405d2',1,'93ae2dfe-dce4-4f76-810e-d0dee652fbc5','TutsForWeb','[]',0,'2021-06-26 16:19:17','2021-06-26 16:19:17','2022-06-26 16:19:17'),
('6420d914fad71323b5a925c52d2f1f1edcd901124d4a04d482f2e640c5180c9421354c77fe256e29',1,'93ae2dfe-dce4-4f76-810e-d0dee652fbc5','TutsForWeb','[]',0,'2021-06-21 03:50:11','2021-06-21 03:50:11','2022-06-21 03:50:11'),
('668a7bff0b507e2069559dc956b63a828cd82c90dce3ab6afdbf6f9c161aecee2e1f5176ce5edfaf',1,'93ae2dfe-dce4-4f76-810e-d0dee652fbc5','TutsForWeb','[]',0,'2021-06-26 22:11:35','2021-06-26 22:11:35','2022-06-26 22:11:35'),
('67b1f21c360ba23dc7f842306da57b4e06f31353b237f973c7697686b06a8efc7cd7dd72b297ee35',1,'93ae2dfe-dce4-4f76-810e-d0dee652fbc5','TutsForWeb','[]',0,'2021-06-29 10:48:12','2021-06-29 10:48:12','2022-06-29 10:48:12'),
('686a72cf8a49a7fd7892a07e6322f586319194ec17c31625db7fcf45768cf02dd9030ad9d0757d75',1,'93ae2dfe-dce4-4f76-810e-d0dee652fbc5','TutsForWeb','[]',0,'2021-06-16 19:49:21','2021-06-16 19:49:21','2022-06-16 19:49:21'),
('690b6b98465e60258123db896661f9744510494289d9d09676f103a1d55138953cc849522ec04f79',1,'93ae2dfe-dce4-4f76-810e-d0dee652fbc5','TutsForWeb','[]',0,'2021-06-27 19:05:06','2021-06-27 19:05:06','2022-06-27 19:05:06'),
('694cb00011da60a60573f0987d0043ba20673e5b716f7fa4a26c05588321e2e876bc6b403e466ae7',1,'93ae2dfe-dce4-4f76-810e-d0dee652fbc5','TutsForWeb','[]',0,'2021-06-24 19:53:28','2021-06-24 19:53:28','2022-06-24 19:53:28'),
('69c4233fb82ae9ed755ef5cfdf165b8daf420924880d3109e7770c5194cedf3e2ef99f720b318578',1,'93ae2dfe-dce4-4f76-810e-d0dee652fbc5','TutsForWeb','[]',0,'2021-06-28 11:23:28','2021-06-28 11:23:28','2022-06-28 11:23:28'),
('6c2379ad0618a23163ca770868742447809dc68ed9aa9c4a5083be873ecb6f9de30179ca0a95f0cc',1,'93ae2dfe-dce4-4f76-810e-d0dee652fbc5','TutsForWeb','[]',0,'2021-06-28 14:53:37','2021-06-28 14:53:37','2022-06-28 14:53:37'),
('6d1aeb19d47ae9efc6bc10fa82ce748dc499b6d3e337a405eff0dafe4dda5849f5b3be9c69028cd5',1,'93ae2dfe-dce4-4f76-810e-d0dee652fbc5','TutsForWeb','[]',0,'2021-06-16 09:36:06','2021-06-16 09:36:06','2022-06-16 09:36:06'),
('6df0df592e2bfc36211d3e38a99cf5739a7ca777b2d3fc29c03c0eec7ae6cd069fb25900c32b3ccf',1,'93ae2dfe-dce4-4f76-810e-d0dee652fbc5','TutsForWeb','[]',0,'2021-06-24 16:55:16','2021-06-24 16:55:16','2022-06-24 16:55:16'),
('6fcbc3e34a3595df178d5c7b8102ff608600016396a0d09588e4a42af6ac0bdd5e8b3528b371b05b',1,'93ae2dfe-dce4-4f76-810e-d0dee652fbc5','TutsForWeb','[]',0,'2021-06-28 14:52:23','2021-06-28 14:52:23','2022-06-28 14:52:23'),
('708fb6cb68900913a229fced2c0d3f56a333558d3d19bd5e7b0a9c34422330a3b6f68b80edabe07e',1,'93ae2dfe-dce4-4f76-810e-d0dee652fbc5','TutsForWeb','[]',0,'2021-06-26 15:51:55','2021-06-26 15:51:55','2022-06-26 15:51:55'),
('7121159f4c23aeb33baa582d69e9ffbf8f1fd99d73930691f0a6284dfc8734066fd07e82390e84f1',1,'93ae2dfe-dce4-4f76-810e-d0dee652fbc5','TutsForWeb','[]',0,'2021-06-24 19:08:17','2021-06-24 19:08:17','2022-06-24 19:08:17'),
('716164139bf8fa1af18152959b37c5e2dae5fb33ede0663c1a1bd01218a89cf4d228033e525ce9d5',1,'93ae2dfe-dce4-4f76-810e-d0dee652fbc5','TutsForWeb','[]',0,'2021-06-24 19:50:46','2021-06-24 19:50:46','2022-06-24 19:50:46'),
('71b821ca0aee3c00218c182b05837413d0ab987e4124b96d5223e2d46632d409ba2bbffdc6a83c41',1,'93ae2dfe-dce4-4f76-810e-d0dee652fbc5','TutsForWeb','[]',0,'2021-06-26 22:19:01','2021-06-26 22:19:01','2022-06-26 22:19:01'),
('71bf8f82c13ae5a21a8f0c4bb5513d235af4a91a190c87f764d83c9a849bba8f32c7de2691d39738',1,'93ae2dfe-dce4-4f76-810e-d0dee652fbc5','TutsForWeb','[]',0,'2021-06-25 16:22:07','2021-06-25 16:22:07','2022-06-25 16:22:07'),
('72c57da4c73fe5e59948d98b8321f62889b8f22c40ed7a013f9fd4b825407a2562fe11496fb887b1',1,'93ae2dfe-dce4-4f76-810e-d0dee652fbc5','TutsForWeb','[]',0,'2021-06-24 19:40:33','2021-06-24 19:40:33','2022-06-24 19:40:33'),
('72dd2a610558c6d6cbd1298c77c5869b1f19469019486be67e6ac033b28eecb90839733b29a34157',1,'93ae2dfe-dce4-4f76-810e-d0dee652fbc5','TutsForWeb','[]',0,'2021-06-27 16:39:49','2021-06-27 16:39:49','2022-06-27 16:39:49'),
('748186e5242e1800adf9f09c43f8835bb294f12e9f3c8bdedde2ac72706e9b1b02d3fd5cd4af28f0',1,'93ae2dfe-dce4-4f76-810e-d0dee652fbc5','TutsForWeb','[]',0,'2021-06-24 19:57:45','2021-06-24 19:57:45','2022-06-24 19:57:45'),
('74f7509c9f6b2066364f00363069ecde8c6eb27ec0dc7e777b5676cd4be644fa736f92303eb94c5a',1,'93ae2dfe-dce4-4f76-810e-d0dee652fbc5','TutsForWeb','[]',0,'2021-06-28 14:55:08','2021-06-28 14:55:08','2022-06-28 14:55:08'),
('78f09ae13c9eb9f7570cbfed364735ce9680769cd33a895a53cf92afbfd8112f3cc5ae389b5ded59',1,'93ae2dfe-dce4-4f76-810e-d0dee652fbc5','TutsForWeb','[]',0,'2021-06-28 10:52:45','2021-06-28 10:52:45','2022-06-28 10:52:45'),
('7906ecca5187bb3f3bf5f50d9c207ebb3bf9159c0a74975adac1c7d80e0e092b8f0436068769e7f3',1,'93ae2dfe-dce4-4f76-810e-d0dee652fbc5','TutsForWeb','[]',0,'2021-06-16 09:29:11','2021-06-16 09:29:11','2022-06-16 09:29:11'),
('795b41ab564d63b1a605fec5b9ec4de3cbbb04b23c3e55ecdeac5dda0160585662658671c3de37ed',1,'93ae2dfe-dce4-4f76-810e-d0dee652fbc5','TutsForWeb','[]',0,'2021-06-15 17:34:42','2021-06-15 17:34:42','2022-06-15 17:34:42'),
('79c348a222d8c223d4f963e9c796ffc2dcf41a40b948b2e662606e5a95cc0c3a28cfdea7e46d11b6',1,'93ae2dfe-dce4-4f76-810e-d0dee652fbc5','TutsForWeb','[]',0,'2021-06-16 09:33:59','2021-06-16 09:33:59','2022-06-16 09:33:59'),
('7b8fd9debab6fab9e91ba686b8fe31087a5a9746d6dd5f459fee589b6fbcd9734d29e88be2102375',1,'93ae2dfe-dce4-4f76-810e-d0dee652fbc5','TutsForWeb','[]',0,'2021-06-28 19:12:59','2021-06-28 19:12:59','2022-06-28 19:12:59'),
('7bd586114856a9063093498cb59d750fac78fc647a2e159370a74481dfd3a1b44539029a342b5854',1,'93ae2dfe-dce4-4f76-810e-d0dee652fbc5','TutsForWeb','[]',0,'2021-06-26 15:33:54','2021-06-26 15:33:54','2022-06-26 15:33:54'),
('7c5d27440c7ba53439a44921103ce4b64e508942eff2336a08b2c5a9169e35965cf3f91092576a9b',1,'93ae2dfe-dce4-4f76-810e-d0dee652fbc5','TutsForWeb','[]',0,'2021-06-15 16:00:24','2021-06-15 16:00:24','2022-06-15 16:00:24'),
('7cdf059c9af6b52250773a91f536eb986d37550177e7a0162e890cf59655ad70223038b81333df90',1,'93ae2dfe-dce4-4f76-810e-d0dee652fbc5','TutsForWeb','[]',0,'2021-06-15 14:08:01','2021-06-15 14:08:01','2022-06-15 14:08:01'),
('7de7bdda00de62d88fcd0027e56a9eec6b648cbee75c6efbceab57753ec2582d122365bf3a37583d',1,'93ae2dfe-dce4-4f76-810e-d0dee652fbc5','TutsForWeb','[]',0,'2021-06-15 14:13:41','2021-06-15 14:13:41','2022-06-15 14:13:41'),
('7dfe419b9464f521f62d5ebc40d84584060b28ec73e9397a614dea788756fe8c6bb8cfc2adbd03ef',1,'93ae2dfe-dce4-4f76-810e-d0dee652fbc5','TutsForWeb','[]',0,'2021-06-28 12:50:01','2021-06-28 12:50:01','2022-06-28 12:50:01'),
('7e6fd6316d708879f30daccdb1c47f89f4851eb579da1fbdf7ce042f2f9f666cf8c3af827711fe8a',1,'93ae2dfe-dce4-4f76-810e-d0dee652fbc5','TutsForWeb','[]',0,'2021-06-28 11:49:26','2021-06-28 11:49:26','2022-06-28 11:49:26'),
('80929c5d526f83634e3c20e753e77f9e82e67a6d8a5e2467b821fbf535764bf6a339beb63b556d5f',1,'93ae2dfe-dce4-4f76-810e-d0dee652fbc5','TutsForWeb','[]',0,'2021-06-15 15:59:58','2021-06-15 15:59:58','2022-06-15 15:59:58'),
('809de869c7fc8d4c4efc279caef77eaf141d0b8234b08d0457a35827e02508b90ddbe6a15012371b',1,'93ae2dfe-dce4-4f76-810e-d0dee652fbc5','TutsForWeb','[]',0,'2021-06-28 11:40:31','2021-06-28 11:40:31','2022-06-28 11:40:31'),
('827e35170e689aca2dcc201a8b4c070d3f304c232dada1031e8bfd7c01c81952596f03cd817b1805',1,'93ae2dfe-dce4-4f76-810e-d0dee652fbc5','TutsForWeb','[]',0,'2021-06-20 21:49:40','2021-06-20 21:49:40','2022-06-20 21:49:40'),
('836e980e9cc6675bea7097fae7972ea9885c3e39d56783754a7d4cb5097159a9f05de431b517e96b',1,'93ae2dfe-dce4-4f76-810e-d0dee652fbc5','TutsForWeb','[]',0,'2021-06-27 19:05:02','2021-06-27 19:05:02','2022-06-27 19:05:02'),
('8562eb9bc99d781cb005a195ee5dfdc6c64771466f1621f88a0e4f366cb7f9e453495bda62a3a05c',1,'93ae2dfe-dce4-4f76-810e-d0dee652fbc5','TutsForWeb','[]',0,'2021-06-28 10:58:42','2021-06-28 10:58:42','2022-06-28 10:58:42'),
('85bb8243a5b7bea6d06dca05f9a1a44dc67a5f4c85da9d4172b36bc992c45e8bfa9bfa71c0139131',1,'93ae2dfe-dce4-4f76-810e-d0dee652fbc5','TutsForWeb','[]',0,'2021-06-16 17:46:09','2021-06-16 17:46:09','2022-06-16 17:46:09'),
('85d15a4f59e0825fd1aa504de385d3705df73fc98d7df695521080f77e0c53de0864f9b477fbd5cf',1,'93ae2dfe-dce4-4f76-810e-d0dee652fbc5','TutsForWeb','[]',0,'2021-06-27 21:33:20','2021-06-27 21:33:20','2022-06-27 21:33:20'),
('85f8c56bdfa8574e58fe2d4cb56a20972f6f0bc41ad67b70fc789822b190a18d7206ce705d055455',1,'93ae2dfe-dce4-4f76-810e-d0dee652fbc5','TutsForWeb','[]',0,'2021-06-26 22:10:24','2021-06-26 22:10:24','2022-06-26 22:10:24'),
('862ca9390a2d78c1ea5293c62a7f721292914cffdf914822c8c26f443855fa4fc96c3ac89bba1df5',1,'93ae2dfe-dce4-4f76-810e-d0dee652fbc5','TutsForWeb','[]',0,'2021-06-29 11:17:42','2021-06-29 11:17:42','2022-06-29 11:17:42'),
('86bc58a4801e3a3ad75bf9f8203306eb2567bdae74678998aa86f845812d84db22776fcdeaa5cf2f',1,'93ae2dfe-dce4-4f76-810e-d0dee652fbc5','TutsForWeb','[]',0,'2021-06-20 21:53:08','2021-06-20 21:53:08','2022-06-20 21:53:08'),
('88572caf6ad7cd781b4f773a5cb2361f2d3e0db7bb2232891d08406e6509becb1791c6db8dc3b69c',1,'93ae2dfe-dce4-4f76-810e-d0dee652fbc5','TutsForWeb','[]',0,'2021-06-29 11:01:35','2021-06-29 11:01:35','2022-06-29 11:01:35'),
('8a112e2efdb61073fa3d71d98b58b3d12b23ba0b57f519b3e0d54dfcd9f228f774077ed3abc2be7b',1,'93ae2dfe-dce4-4f76-810e-d0dee652fbc5','TutsForWeb','[]',0,'2021-06-24 16:59:09','2021-06-24 16:59:09','2022-06-24 16:59:09'),
('8b1b2391344ff34106f326e5f8d15bcd2670e93f80aa60be57f68c987f2400d71690979552f11dfd',1,'93ae2dfe-dce4-4f76-810e-d0dee652fbc5','TutsForWeb','[]',0,'2021-06-15 14:53:33','2021-06-15 14:53:33','2022-06-15 14:53:33'),
('8c1fd1ae671bb149e01fe11cec7abecac3407ad77f726133c0bdda300fdd9093b56e44879e646d07',1,'93ae2dfe-dce4-4f76-810e-d0dee652fbc5','TutsForWeb','[]',0,'2021-06-28 10:27:46','2021-06-28 10:27:46','2022-06-28 10:27:46'),
('8c8a14de56abe5272de5c3a60a30c6a1b24060e62288d8a60a2dd83c3e968e15047467f8fd446077',1,'93ae2dfe-dce4-4f76-810e-d0dee652fbc5','TutsForWeb','[]',0,'2021-06-15 14:44:33','2021-06-15 14:44:33','2022-06-15 14:44:33'),
('8cc68d6c21ef0b7f4b87f0ae5f099f57edeaf327c4bad22215016a40fa95c12e60a84db8f0aead21',1,'93ae2dfe-dce4-4f76-810e-d0dee652fbc5','TutsForWeb','[]',0,'2021-06-27 18:58:18','2021-06-27 18:58:18','2022-06-27 18:58:18'),
('8e018f55170deaf882d22c82eebd751b92f16b137def6e3ddf8e88eadbc713ab2c1a0b442714804d',1,'93ae2dfe-dce4-4f76-810e-d0dee652fbc5','TutsForWeb','[]',0,'2021-06-27 16:37:34','2021-06-27 16:37:34','2022-06-27 16:37:34'),
('8e0e2c5398a6e5b3b3431e3e3bdf95f8ec1b5fb9901ea87fa6f91729a7cd2fefa8c665a8d0f233af',1,'93ae2dfe-dce4-4f76-810e-d0dee652fbc5','TutsForWeb','[]',0,'2021-06-28 11:41:22','2021-06-28 11:41:22','2022-06-28 11:41:22'),
('8e4d124709c84f0588eb9c24c2e5f2c20327caa757860fd9fd0a4515b24b197f7deb744317ce03e5',1,'93ae2dfe-dce4-4f76-810e-d0dee652fbc5','TutsForWeb','[]',0,'2021-06-28 12:13:21','2021-06-28 12:13:21','2022-06-28 12:13:21'),
('8e76e9ac514c77ec3b776f1f38ead4c60836b2882fae774645e10b877efeafcf06ceab102ed6e55a',1,'93ae2dfe-dce4-4f76-810e-d0dee652fbc5','TutsForWeb','[]',0,'2021-06-15 14:42:03','2021-06-15 14:42:03','2022-06-15 14:42:03'),
('90a1f4158895815a9369c75d5dc8c090584139402aca7bfc40a9bda5a118e0a43b22bf62e33bff8c',1,'93ae2dfe-dce4-4f76-810e-d0dee652fbc5','TutsForWeb','[]',0,'2021-06-27 19:05:47','2021-06-27 19:05:47','2022-06-27 19:05:47'),
('9127a1bf272c22398329960106155dd6fb49492959c52de45c2b14570300eccfd5ad90e7387f46da',1,'93ae2dfe-dce4-4f76-810e-d0dee652fbc5','TutsForWeb','[]',0,'2021-06-28 14:30:35','2021-06-28 14:30:35','2022-06-28 14:30:35'),
('920b619ad4d92965624f7f3c968b18969c42cb22dc2e1a523d92b832822f3831428dcb7aa7e56f67',1,'93ae2dfe-dce4-4f76-810e-d0dee652fbc5','TutsForWeb','[]',0,'2021-06-16 16:41:31','2021-06-16 16:41:31','2022-06-16 16:41:31'),
('927bfeaea34672e677203f0dc8a7fc57b2e55cbf9a8934d270fd72e9ed28fd83878f6e2c4026c4ba',1,'93ae2dfe-dce4-4f76-810e-d0dee652fbc5','TutsForWeb','[]',0,'2021-06-15 16:54:40','2021-06-15 16:54:40','2022-06-15 16:54:40'),
('93a7d6477a37cd34f597f404102d55aac95f869fcbdabc141fc3e8736637e766c6c3a158327937bb',1,'93ae2dfe-dce4-4f76-810e-d0dee652fbc5','TutsForWeb','[]',0,'2021-06-26 16:14:44','2021-06-26 16:14:44','2022-06-26 16:14:44'),
('944d9db47f731f117f0a60953c2d935294e64574057cc9c330b48c4cacf202e102a2970f1f9dbe37',1,'93ae2dfe-dce4-4f76-810e-d0dee652fbc5','TutsForWeb','[]',0,'2021-06-16 17:36:27','2021-06-16 17:36:27','2022-06-16 17:36:27'),
('95993709496634e8d00ade7af3985ab56ac25ebfa21f1e187b39813ecfbc887a867172f75e79cef2',1,'93ae2dfe-dce4-4f76-810e-d0dee652fbc5','TutsForWeb','[]',0,'2021-06-27 18:59:38','2021-06-27 18:59:38','2022-06-27 18:59:38'),
('98fa76c175bfe26f819915de2a2b6921447038f70b2aa6f86e64ada17b84367a70960f3a31b602cd',1,'93ae2dfe-dce4-4f76-810e-d0dee652fbc5','TutsForWeb','[]',0,'2021-06-28 12:18:07','2021-06-28 12:18:07','2022-06-28 12:18:07'),
('994e5c6ba646ef4b0847be92f1a3c4dfd800d4265a20738573f538542a95131bc3bb8557c893126e',1,'93ae2dfe-dce4-4f76-810e-d0dee652fbc5','TutsForWeb','[]',0,'2021-06-28 11:25:46','2021-06-28 11:25:46','2022-06-28 11:25:46'),
('9b0b0ec05bb3721e02bdf1adbf214cbad1508c59e78f1b944de9e4698dce9afb38580c68d64f634b',1,'93ae2dfe-dce4-4f76-810e-d0dee652fbc5','TutsForWeb','[]',0,'2021-06-21 05:53:07','2021-06-21 05:53:07','2022-06-21 05:53:07'),
('9b1655657a71254d8b078181a1e18cf62a5a4cb448323abccb37c8d68f82237abd3ef717305c7c9b',1,'93ae2dfe-dce4-4f76-810e-d0dee652fbc5','TutsForWeb','[]',0,'2021-06-27 19:01:37','2021-06-27 19:01:37','2022-06-27 19:01:37'),
('9b1987ec5ac8b1f57e587db946af30967a74db75db2a2687105a0f9de10cbdd832cb834f1fd6aa29',1,'93ae2dfe-dce4-4f76-810e-d0dee652fbc5','TutsForWeb','[]',0,'2021-06-21 04:30:11','2021-06-21 04:30:11','2022-06-21 04:30:11'),
('9be708e42bcaa3a37bd8142429a9f5aa46a60d1baec49d0b2e8ff92042dbeace49c9680cf9f59c30',1,'93ae2dfe-dce4-4f76-810e-d0dee652fbc5','TutsForWeb','[]',0,'2021-06-26 15:32:15','2021-06-26 15:32:15','2022-06-26 15:32:15'),
('9bfb475567eec22720ec59cdc0ec4681c9bebcdbccfb6515611f29e10bc90396f840ec1e746e02ab',1,'93ae2dfe-dce4-4f76-810e-d0dee652fbc5','TutsForWeb','[]',0,'2021-06-20 23:21:01','2021-06-20 23:21:01','2022-06-20 23:21:01'),
('9d57c00d4f05f68e2f7e21486131867b07bd6133f4be51fa25ae0738dfa5134dde89ceee488786ff',1,'93ae2dfe-dce4-4f76-810e-d0dee652fbc5','TutsForWeb','[]',0,'2021-06-26 16:30:08','2021-06-26 16:30:08','2022-06-26 16:30:08'),
('9d94f2dc80145cf23a3b3655a82437d326caee680c690260976e0a96b5d53ddedb0948e501ef0c57',1,'93ae2dfe-dce4-4f76-810e-d0dee652fbc5','TutsForWeb','[]',0,'2021-06-27 18:22:57','2021-06-27 18:22:57','2022-06-27 18:22:57'),
('9dc6f62558d6f7974f313e0bfd7bd803ec25fc548a5fefa6d4418a859f45ac9da5c9038cabdb48bd',1,'93ae2dfe-dce4-4f76-810e-d0dee652fbc5','TutsForWeb','[]',0,'2021-06-15 14:35:19','2021-06-15 14:35:19','2022-06-15 14:35:19'),
('a0c180a1155a7ade3f8ce2766cceec8f0433501dd9ee5f67c671e9ce6b0235e21ee347aec595d79d',1,'93ae2dfe-dce4-4f76-810e-d0dee652fbc5','TutsForWeb','[]',0,'2021-06-15 14:16:04','2021-06-15 14:16:04','2022-06-15 14:16:04'),
('a1a2c7d99c91675abbbcdcb3063ef0803562c9f4b0c245fccbb0d90a001194ce04937a2d88023949',1,'93ae2dfe-dce4-4f76-810e-d0dee652fbc5','TutsForWeb','[]',0,'2021-06-28 14:59:49','2021-06-28 14:59:49','2022-06-28 14:59:49'),
('a287a74252957755899833260c1e3b26f0426fa0e39c99c95108329046c270ee0cc1e2780acdb8c5',1,'93ae2dfe-dce4-4f76-810e-d0dee652fbc5','TutsForWeb','[]',0,'2021-06-15 14:43:33','2021-06-15 14:43:33','2022-06-15 14:43:33'),
('a3f277157db13d3ad484829fff1a590e57ac01809969645c848c9b8a3668b19e1eee28ecf0881e24',1,'93ae2dfe-dce4-4f76-810e-d0dee652fbc5','TutsForWeb','[]',0,'2021-06-27 23:04:52','2021-06-27 23:04:52','2022-06-27 23:04:52'),
('a5052b2a133e910721039fc0f0e34354e20259f6c9104f12525f399b2310d7f6f50d7fed38a00845',2,'93ae2dfe-dce4-4f76-810e-d0dee652fbc5','TutsForWeb','[]',0,'2021-06-26 22:20:34','2021-06-26 22:20:34','2022-06-26 22:20:34'),
('a5ff1916d478ef262d53a8303f3d5fbf70d2ef6031c5e75b93ca78fcf945ed177463df1d63f4501a',1,'93ae2dfe-dce4-4f76-810e-d0dee652fbc5','TutsForWeb','[]',0,'2021-06-21 11:25:21','2021-06-21 11:25:21','2022-06-21 11:25:21'),
('a72095a71eb6da13c58f1cf7731be46db0a18b713a117a1cb18fc704de4d207c130982eb6fe1bbb0',1,'93ae2dfe-dce4-4f76-810e-d0dee652fbc5','TutsForWeb','[]',0,'2021-06-28 11:40:29','2021-06-28 11:40:29','2022-06-28 11:40:29'),
('a7df2336503834a36853f60aac26d6b16e86fe000f19956c9d4afc6d94cb4c3ffa2dc89c6a47d960',1,'93ae2dfe-dce4-4f76-810e-d0dee652fbc5','TutsForWeb','[]',0,'2021-06-16 18:45:12','2021-06-16 18:45:12','2022-06-16 18:45:12'),
('a81884b8b986eceab1fcdeb0cc35c4a49af10b54b601ec54edacd94dd455a0c54856db4f6f0e53a5',1,'93ae2dfe-dce4-4f76-810e-d0dee652fbc5','TutsForWeb','[]',0,'2021-06-28 14:29:08','2021-06-28 14:29:08','2022-06-28 14:29:08'),
('a904d46154e586cff07bcb60a68eddb9ae26d565ca1888f320d0826fde3b43b2ae18c94e4cdd9647',1,'93ae2dfe-dce4-4f76-810e-d0dee652fbc5','TutsForWeb','[]',0,'2021-06-16 16:51:15','2021-06-16 16:51:15','2022-06-16 16:51:15'),
('a9bc221a69ff393f771196f1230f30b2d6319f214dfa4a298eb3cf4a33e4080f038ae5044298bd98',1,'93ae2dfe-dce4-4f76-810e-d0dee652fbc5','TutsForWeb','[]',0,'2021-06-28 14:56:51','2021-06-28 14:56:51','2022-06-28 14:56:51'),
('aa295c3ef4f9f54f26b536d94529957d6b6c7a037c45eeef7691cd35b75017d59f0175b734c5e97b',2,'93ae2dfe-dce4-4f76-810e-d0dee652fbc5','TutsForWeb','[]',0,'2021-06-26 22:22:49','2021-06-26 22:22:49','2022-06-26 22:22:49'),
('aa48299df3b00ed6baee031ed75cb26519bfafb1abcc37a27286627863e242e0b4b8a2f62b1785f3',1,'93ae2dfe-dce4-4f76-810e-d0dee652fbc5','TutsForWeb','[]',0,'2021-06-26 22:30:09','2021-06-26 22:30:09','2022-06-26 22:30:09'),
('aafe7206324093a148af95b47fb19dc4d5fbe824b6f318223c6247fbba65a5c92ad64b94a858d928',1,'93ae2dfe-dce4-4f76-810e-d0dee652fbc5','TutsForWeb','[]',0,'2021-06-24 16:33:29','2021-06-24 16:33:29','2022-06-24 16:33:29'),
('ad3a652d3fe48c5552a763d6bab14ab92f600abc3ee93ca8cf01040d40a3b20b30f008412b3c541f',1,'93ae2dfe-dce4-4f76-810e-d0dee652fbc5','TutsForWeb','[]',0,'2021-06-15 14:37:08','2021-06-15 14:37:08','2022-06-15 14:37:08'),
('ad5bb8fbbc27fff7fb53a9e61edd8244e30758e2502c9ed29d453717f849e853bd6da367f876eb53',1,'93ae2dfe-dce4-4f76-810e-d0dee652fbc5','TutsForWeb','[]',0,'2021-06-15 14:49:36','2021-06-15 14:49:36','2022-06-15 14:49:36'),
('afa5922c5f1d3fed1748d0002b540157735660c4fe7decabbdbeeea42260ef0057f85f0673529022',1,'93ae2dfe-dce4-4f76-810e-d0dee652fbc5','TutsForWeb','[]',0,'2021-06-24 16:47:24','2021-06-24 16:47:24','2022-06-24 16:47:24'),
('b03a5d878ca3df93e5768fadb729b7e78be6c30836e97fc4bb666bfda80e6fc67fa0f2afc1597786',1,'93ae2dfe-dce4-4f76-810e-d0dee652fbc5','TutsForWeb','[]',0,'2021-06-21 11:35:15','2021-06-21 11:35:15','2022-06-21 11:35:15'),
('b08bfebbdd137a8aaff752e43b6a258fa4c59b9b528567670d449d2026347c649419f7f0ad0669ef',1,'93ae2dfe-dce4-4f76-810e-d0dee652fbc5','TutsForWeb','[]',0,'2021-06-16 19:52:05','2021-06-16 19:52:05','2022-06-16 19:52:05'),
('b11d7f518603feb5acd0268fffe604bd8e9cbacd31aa9034a36cfe4462af6195eb7972d4b2031f9a',1,'93ae2dfe-dce4-4f76-810e-d0dee652fbc5','TutsForWeb','[]',0,'2021-06-15 16:47:22','2021-06-15 16:47:22','2022-06-15 16:47:22'),
('b1faaaf14ce9474fe93b7b5242670c9f770da10f62a729af015679b1e3ed6c42111adcf543e599d5',1,'93ae2dfe-dce4-4f76-810e-d0dee652fbc5','TutsForWeb','[]',0,'2021-06-28 14:48:55','2021-06-28 14:48:55','2022-06-28 14:48:55'),
('b4b19635b6c9be5077aad02b6e2a2999b12ee31c29cd3d85d7bc259b303233f42ae8645689fe75bd',1,'93ae2dfe-dce4-4f76-810e-d0dee652fbc5','TutsForWeb','[]',0,'2021-06-25 16:20:41','2021-06-25 16:20:41','2022-06-25 16:20:41'),
('b5b8dfcf4fba08a8d1a9f692d2db134fc54669a1d2f82c28cef1fea2a65e7cd26203ebe202ae1000',1,'93ae2dfe-dce4-4f76-810e-d0dee652fbc5','TutsForWeb','[]',0,'2021-06-28 11:03:54','2021-06-28 11:03:54','2022-06-28 11:03:54'),
('b6260f9383637ed3d7c27b492eebb34984117ad6e3ce8f0e191bf5abdf978fb76363bb0466afa303',1,'93ae2dfe-dce4-4f76-810e-d0dee652fbc5','TutsForWeb','[]',0,'2021-06-26 22:11:36','2021-06-26 22:11:36','2022-06-26 22:11:36'),
('ba4ac6c40ea54c671e51a0626bb6ae9e4fd51e73ceeb86aa97fb15964284400af5b62f7aec65164a',1,'93ae2dfe-dce4-4f76-810e-d0dee652fbc5','TutsForWeb','[]',0,'2021-06-28 10:51:18','2021-06-28 10:51:18','2022-06-28 10:51:18'),
('bcf8f22c0baa59832f815ab889930b41e45f7341a6dc72ec8e3113b6d54e96d4c2d1e0b3df2ee47c',1,'93ae2dfe-dce4-4f76-810e-d0dee652fbc5','TutsForWeb','[]',0,'2021-06-26 16:24:11','2021-06-26 16:24:11','2022-06-26 16:24:11'),
('bd238e351bcf05529a3cbf19385ec7bf0dd664993f4866ab14c04e65195ce5b330c2b4572001e6df',1,'93ae2dfe-dce4-4f76-810e-d0dee652fbc5','TutsForWeb','[]',0,'2021-06-28 12:19:30','2021-06-28 12:19:30','2022-06-28 12:19:30'),
('bd5e4361914be17536fa8dd92fa9b04cc683b79bd63ac761c47e21ab0686e4a1159e8dc597bb26eb',1,'93ae2dfe-dce4-4f76-810e-d0dee652fbc5','TutsForWeb','[]',0,'2021-06-27 18:59:05','2021-06-27 18:59:05','2022-06-27 18:59:05'),
('bd6feaa65553f1b7995d61884492a26db69be12fc59e056faf8eaa70567295f9b76ece5b1bcc969d',1,'93ae2dfe-dce4-4f76-810e-d0dee652fbc5','TutsForWeb','[]',0,'2021-06-26 16:32:45','2021-06-26 16:32:45','2022-06-26 16:32:45'),
('c04437af956d393b0422c4ec68b5e0790c76696f8708943da0b627e6173bbf4f3598799bca9f365a',1,'93ae2dfe-dce4-4f76-810e-d0dee652fbc5','TutsForWeb','[]',0,'2021-06-27 16:34:26','2021-06-27 16:34:26','2022-06-27 16:34:26'),
('c06017990e3b10112a5bfe4b5c073b8f71a1f7a6acf793fce026ed913c91c2ac1323fcf94c5e2f5e',1,'93ae2dfe-dce4-4f76-810e-d0dee652fbc5','TutsForWeb','[]',0,'2021-06-21 06:17:27','2021-06-21 06:17:27','2022-06-21 06:17:27'),
('c1326372d7a9eafef87602e14450dbc14caefd8967ef5a9d2fadfe8b3403d6fedd9a1f239899d0e6',1,'93ae2dfe-dce4-4f76-810e-d0dee652fbc5','TutsForWeb','[]',0,'2021-06-26 17:25:32','2021-06-26 17:25:32','2022-06-26 17:25:32'),
('c158f8f9e9650794859830486d24dc55b0cb8fb5d4a48adb2982c58917742e479beac7858b23cee7',1,'93ae2dfe-dce4-4f76-810e-d0dee652fbc5','TutsForWeb','[]',0,'2021-06-28 12:14:40','2021-06-28 12:14:40','2022-06-28 12:14:40'),
('c22c8f302cb91374de46c4c710b94943024a6e8bfe257cdeaa2562ed70f60618c3ac8e1b7bd0c8d0',1,'93ae2dfe-dce4-4f76-810e-d0dee652fbc5','TutsForWeb','[]',0,'2021-06-26 16:27:46','2021-06-26 16:27:46','2022-06-26 16:27:46'),
('c2d2c78dd12c4c039246c5b5879e1975175a9dcb6ec3633d659f0be8c5d2c72402c15ce4983c22e0',1,'93ae2dfe-dce4-4f76-810e-d0dee652fbc5','TutsForWeb','[]',0,'2021-06-15 17:38:17','2021-06-15 17:38:17','2022-06-15 17:38:17'),
('c384f9165f627bc38a3fc048315afcd6084673d2a4f067afd9b52355a51f85e55deda64559021c80',1,'93ae2dfe-dce4-4f76-810e-d0dee652fbc5','TutsForWeb','[]',0,'2021-06-27 18:55:27','2021-06-27 18:55:27','2022-06-27 18:55:27'),
('c4bc998f1a9f06e3bd9738f5122b7ef73c97bebc206e8a824bcbc0783cf7953d57ab1590adf09c6f',1,'93ae2dfe-dce4-4f76-810e-d0dee652fbc5','TutsForWeb','[]',0,'2021-06-26 14:19:49','2021-06-26 14:19:49','2022-06-26 14:19:49'),
('ca5dbbdff67e8c759093f625bbfd6fff2ea33455f4258a130bf8e6b74dc42cd5acc17fc04229d6e3',1,'93ae2dfe-dce4-4f76-810e-d0dee652fbc5','TutsForWeb','[]',0,'2021-07-02 19:55:36','2021-07-02 19:55:36','2022-07-02 19:55:36'),
('cab26d77a9a1a5a34876a8bac02777afa44af4ed8948c07d12713d66ad1756aa34d32ac4a99ef453',1,'93ae2dfe-dce4-4f76-810e-d0dee652fbc5','TutsForWeb','[]',0,'2021-06-27 18:55:33','2021-06-27 18:55:33','2022-06-27 18:55:33'),
('caf7e13aa1b7e3b66fda9e208fed4e655e809dd8ac9343252c9c05bde7a2d3e20dc78fd5e47c432f',1,'93ae2dfe-dce4-4f76-810e-d0dee652fbc5','TutsForWeb','[]',0,'2021-06-21 11:32:09','2021-06-21 11:32:09','2022-06-21 11:32:09'),
('cb392d888e08a3f26d1af85b9cb2711f4c89c1ada16552364b3ef8463605215b67578c2b25d2208d',1,'93ae2dfe-dce4-4f76-810e-d0dee652fbc5','TutsForWeb','[]',0,'2021-06-28 13:15:20','2021-06-28 13:15:20','2022-06-28 13:15:20'),
('cb5a7640876222ac7d2c80a07d56236a1f2efa5d1e2b7f546f36aefc5f885385ebe1654c392b58c2',1,'93ae2dfe-dce4-4f76-810e-d0dee652fbc5','TutsForWeb','[]',0,'2021-06-24 19:52:28','2021-06-24 19:52:28','2022-06-24 19:52:28'),
('cdf84fb731f7f0017624e89aff0fea74fe91964650ef73f24a42033e8dd2589557878f43648de8c0',1,'93ae2dfe-dce4-4f76-810e-d0dee652fbc5','TutsForWeb','[]',0,'2021-06-28 12:20:20','2021-06-28 12:20:20','2022-06-28 12:20:20'),
('cefb62fb73d5e5d6f52b0394a25829055c6e5c36268dd6b271b8964aac1f5b4d807061291d1bbf19',1,'93ae2dfe-dce4-4f76-810e-d0dee652fbc5','TutsForWeb','[]',0,'2021-06-16 16:51:21','2021-06-16 16:51:21','2022-06-16 16:51:21'),
('cf80db0449b95c6b6d918723847a7dbd42031c13de2d42fa7ada6aa627df7d76844e9c5fc2f9018e',1,'93ae2dfe-dce4-4f76-810e-d0dee652fbc5','TutsForWeb','[]',0,'2021-06-24 16:06:06','2021-06-24 16:06:06','2022-06-24 16:06:06'),
('d0e0c07634dc5863f4571f89013e327b2a09bd2d1e8f1195dc8e0ed57495a5d9c0ba0aff80254469',2,'93ae2dfe-dce4-4f76-810e-d0dee652fbc5','TutsForWeb','[]',0,'2021-06-26 22:23:06','2021-06-26 22:23:06','2022-06-26 22:23:06'),
('d10ccb2ad93dbebc88b5757eb3ef36b3c33fa8cc7cc69fbba0e11dda408d7dbb51d07d97731bcbcc',1,'93ae2dfe-dce4-4f76-810e-d0dee652fbc5','TutsForWeb','[]',0,'2021-06-24 16:06:48','2021-06-24 16:06:48','2022-06-24 16:06:48'),
('d1311974a42ce760a8f81e9ac80be145e02519cb60b354dfa97c234f07c75e412d6e1b3c2dc42726',1,'93ae2dfe-dce4-4f76-810e-d0dee652fbc5','TutsForWeb','[]',0,'2021-06-29 10:51:33','2021-06-29 10:51:33','2022-06-29 10:51:33'),
('d1be09b1430ef47db20425f3d94cd3741bf6ab1f46dfae4e3d5823afa1bd865912ef851a1e302ba2',1,'93ae2dfe-dce4-4f76-810e-d0dee652fbc5','TutsForWeb','[]',0,'2021-06-24 19:48:05','2021-06-24 19:48:05','2022-06-24 19:48:05'),
('d253082ddb5d8a078129969d94e6d80029693e215a77262597be72277ea5339ec838ac46c8c5201a',1,'93ae2dfe-dce4-4f76-810e-d0dee652fbc5','TutsForWeb','[]',0,'2021-06-28 14:30:41','2021-06-28 14:30:41','2022-06-28 14:30:41'),
('d3bb776e5ae7f44eb6c60bd484fcb84d949259ecf9851b005a679bc5f70eb5dba968e8f2584a8515',1,'93ae2dfe-dce4-4f76-810e-d0dee652fbc5','TutsForWeb','[]',0,'2021-06-27 21:45:54','2021-06-27 21:45:54','2022-06-27 21:45:54'),
('d41286fe3db75afedc9bf4f76b117ebd1af805f47ffdb2828d579cbc3aab1defe5ce5398b8d29d9e',1,'93ae2dfe-dce4-4f76-810e-d0dee652fbc5','TutsForWeb','[]',0,'2021-06-15 15:31:00','2021-06-15 15:31:00','2022-06-15 15:31:00'),
('d4a2d487d72fab5f25714d4a4ba13471cccaa35b00f7dabce3ff9ee4e579ab485b4c39b3127a415a',1,'93ae2dfe-dce4-4f76-810e-d0dee652fbc5','TutsForWeb','[]',0,'2021-06-24 19:47:27','2021-06-24 19:47:27','2022-06-24 19:47:27'),
('d6f3acffd855d294cbf9fa0a7f187365886ed7e7ceb9a612a74fc1dc1f95855be74299f044f83d9f',1,'93ae2dfe-dce4-4f76-810e-d0dee652fbc5','TutsForWeb','[]',0,'2021-06-25 16:25:17','2021-06-25 16:25:17','2022-06-25 16:25:17'),
('d707eced6654aa2355910177b79c3a7e4b4fe1fda232f6cf8e52c0b81efe65c3dca8b662680ff3ae',1,'93ae2dfe-dce4-4f76-810e-d0dee652fbc5','TutsForWeb','[]',0,'2021-06-21 06:01:38','2021-06-21 06:01:38','2022-06-21 06:01:38'),
('d774dbc867e3adcbcdd028f1906d450fcfd3db92e1d4f67312d8240c2b542b537d32fec7e1879f89',1,'93ae2dfe-dce4-4f76-810e-d0dee652fbc5','TutsForWeb','[]',0,'2021-06-27 19:04:24','2021-06-27 19:04:24','2022-06-27 19:04:24'),
('d7d3efcc8cfd6804b2087962048f704759b16dc1b5f83e53c85144897b1d13b5b228d7888b20117e',1,'93ae2dfe-dce4-4f76-810e-d0dee652fbc5','TutsForWeb','[]',0,'2021-06-28 11:40:31','2021-06-28 11:40:31','2022-06-28 11:40:31'),
('d9d696964965e1dce09f68901be879026915fbcc450fb97da3602b9a806d74913cf3429a0e068080',1,'93ae2dfe-dce4-4f76-810e-d0dee652fbc5','TutsForWeb','[]',0,'2021-06-20 21:57:13','2021-06-20 21:57:13','2022-06-20 21:57:13'),
('dc6b672d5584dfe30edcd2ebd0d2a94f098a18778d3de1379a5e258fe8748c4f2f199cf1dc975a0f',1,'93ae2dfe-dce4-4f76-810e-d0dee652fbc5','TutsForWeb','[]',0,'2021-06-24 16:58:31','2021-06-24 16:58:31','2022-06-24 16:58:31'),
('dc9dab25ba72cfca27efc8023c74e751ed203a7b3afa750c4b94eb4ff9dc8e64871affcc106d0ceb',1,'93ae2dfe-dce4-4f76-810e-d0dee652fbc5','TutsForWeb','[]',0,'2021-06-27 18:27:04','2021-06-27 18:27:04','2022-06-27 18:27:04'),
('ddc95769a4660ecf9c19b5634a46f7b41bb4ff685454653319d73e16065dbda719a1c42bc4a940b7',1,'93ae2dfe-dce4-4f76-810e-d0dee652fbc5','TutsForWeb','[]',0,'2021-06-28 11:49:27','2021-06-28 11:49:27','2022-06-28 11:49:27'),
('df4941fccbdc7720037670156c9e9fb1a51fc06a9df8839da6e37b94ccaaf6fd2e43096c23882699',2,'93ae2dfe-dce4-4f76-810e-d0dee652fbc5','TutsForWeb','[]',0,'2021-06-26 22:24:15','2021-06-26 22:24:15','2022-06-26 22:24:15'),
('df76199da136e095919bb97c522c4c56d206f63f4f3869f0e82eb04e5fe1dd668ea1f98963eb9441',1,'93ae2dfe-dce4-4f76-810e-d0dee652fbc5','TutsForWeb','[]',0,'2021-06-25 16:14:05','2021-06-25 16:14:05','2022-06-25 16:14:05'),
('e2f6684bd2b4f71d42e605c14a352eaecf50c11ae0c42f9274b75dbe3b50f93c4b5a547409777f1b',1,'93ae2dfe-dce4-4f76-810e-d0dee652fbc5','TutsForWeb','[]',0,'2021-06-21 05:07:16','2021-06-21 05:07:16','2022-06-21 05:07:16'),
('e3bc580610fa87af65b60c10270d82b7410103dd5b4361885369b7a4841951368c45b2c710c70b9b',1,'93ae2dfe-dce4-4f76-810e-d0dee652fbc5','TutsForWeb','[]',0,'2021-06-28 11:23:28','2021-06-28 11:23:28','2022-06-28 11:23:28'),
('e41629f3407d24327a4df63dba681a42f3b1cbdfed373223c232ebf3cae93ca7fec495331506106b',1,'93ae2dfe-dce4-4f76-810e-d0dee652fbc5','TutsForWeb','[]',0,'2021-06-29 11:03:23','2021-06-29 11:03:23','2022-06-29 11:03:23'),
('e495e3adbece9a21af8f85b1ad8148783c0c0b0c8cf8863e43ca0fb27b01d7bd57b402297229050f',1,'93ae2dfe-dce4-4f76-810e-d0dee652fbc5','TutsForWeb','[]',0,'2021-06-27 18:23:39','2021-06-27 18:23:39','2022-06-27 18:23:39'),
('e780955330109bad6f171a1278bf55a99bc847b8d057da999694d0de89d073d4867133187f5328f0',1,'93ae2dfe-dce4-4f76-810e-d0dee652fbc5','TutsForWeb','[]',0,'2021-06-28 14:36:41','2021-06-28 14:36:41','2022-06-28 14:36:41'),
('e901d38389871e55e96eac8818bdff37c93a81a6de51afb2b9eee339489088b8e8205e5b951f1385',1,'93ae2dfe-dce4-4f76-810e-d0dee652fbc5','TutsForWeb','[]',0,'2021-06-27 19:03:02','2021-06-27 19:03:02','2022-06-27 19:03:02'),
('ea8748061a6967a25d665421c2091a54eb0fa78402ac483d232a414cfe01c3a428bc55879f4c3d0d',1,'93ae2dfe-dce4-4f76-810e-d0dee652fbc5','TutsForWeb','[]',0,'2021-06-28 13:25:15','2021-06-28 13:25:15','2022-06-28 13:25:15'),
('ea90911c7c60c4774222a07c338c90ab2d9e076a57a03f35a7cd0eee7173ef8ea7b91198b072a419',1,'93ae2dfe-dce4-4f76-810e-d0dee652fbc5','TutsForWeb','[]',0,'2021-06-21 06:34:24','2021-06-21 06:34:24','2022-06-21 06:34:24'),
('ec21be85d536b66d86cddb879892300b72afc1adc73eabab44f0f7ae10ea153a81b459b3bb740178',1,'93ae2dfe-dce4-4f76-810e-d0dee652fbc5','TutsForWeb','[]',0,'2021-06-16 16:26:10','2021-06-16 16:26:10','2022-06-16 16:26:10'),
('ec3dd57dcac70e0c61c421f673f2c4d74102a85e6bc78b8fe54a20ce27ecd49a6022588a9f585e35',1,'93ae2dfe-dce4-4f76-810e-d0dee652fbc5','TutsForWeb','[]',0,'2021-06-24 19:35:36','2021-06-24 19:35:36','2022-06-24 19:35:36'),
('ed2771a607a52a93a004e7e4bc50f4d4ccb4d9f2a05d9220d3583592d25548ac65c1df6985d61767',2,'93ae2dfe-dce4-4f76-810e-d0dee652fbc5','TutsForWeb','[]',0,'2021-06-26 22:26:48','2021-06-26 22:26:48','2022-06-26 22:26:48'),
('edadc7c85087f37ab6ca10b7e11655b17e0c1cb65fade0d0c77d45539186b4effdd6f0999069dc60',1,'93ae2dfe-dce4-4f76-810e-d0dee652fbc5','TutsForWeb','[]',0,'2021-06-21 06:13:22','2021-06-21 06:13:22','2022-06-21 06:13:22'),
('ee2e1e45706a55420a1e0fc9ae10db8589970d6d6b3010fb7ef9d688683511dae335cf3a635019fc',1,'93ae2dfe-dce4-4f76-810e-d0dee652fbc5','TutsForWeb','[]',0,'2021-06-28 12:48:21','2021-06-28 12:48:21','2022-06-28 12:48:21'),
('ee57d64824301f16c3f65f5571745675c5a3f09bf34ea30ff2ce726b8cf3fae6eb088e4e6480ba42',1,'93ae2dfe-dce4-4f76-810e-d0dee652fbc5','TutsForWeb','[]',0,'2021-06-25 16:20:07','2021-06-25 16:20:07','2022-06-25 16:20:07'),
('ef32dcc3275b5dfd24f701a545c75e0dac85569f4776a090b8c93aa80da4e3880529ca07f05e347e',1,'93ae2dfe-dce4-4f76-810e-d0dee652fbc5','TutsForWeb','[]',0,'2021-06-15 16:16:38','2021-06-15 16:16:38','2022-06-15 16:16:38'),
('f13fdbe1b062defb5ed1479a95591117408bac74b6ae3103c6dd1afab16befaeec2e6f81e1397d40',1,'93ae2dfe-dce4-4f76-810e-d0dee652fbc5','TutsForWeb','[]',0,'2021-06-28 11:33:14','2021-06-28 11:33:14','2022-06-28 11:33:14'),
('f1848fbbfceaa9cb989ce3532fe340a5766a9149f1eca04ba5ddadade8245f7a2025d7efe3aa8359',1,'93ae2dfe-dce4-4f76-810e-d0dee652fbc5','TutsForWeb','[]',0,'2021-06-24 19:38:35','2021-06-24 19:38:35','2022-06-24 19:38:35'),
('f43097b581bc0bcfe5b9a43f9459ae473e41366bb308f95922dcd0902c8727aca2c2291cb0a47565',1,'93ae2dfe-dce4-4f76-810e-d0dee652fbc5','TutsForWeb','[]',0,'2021-06-29 10:53:12','2021-06-29 10:53:12','2022-06-29 10:53:12'),
('f4975fb7b8d5287588b5c7a50e855e68eb950391742696285d128701685432ae8b4d61262c0381fc',1,'93ae2dfe-dce4-4f76-810e-d0dee652fbc5','TutsForWeb','[]',0,'2021-06-28 14:57:53','2021-06-28 14:57:53','2022-06-28 14:57:53'),
('f534503f977b24ab46d0f84060d37722945e1e12cf751085a6051a050913962a159004ad33f67009',1,'93ae2dfe-dce4-4f76-810e-d0dee652fbc5','TutsForWeb','[]',0,'2021-06-27 19:05:55','2021-06-27 19:05:55','2022-06-27 19:05:55'),
('f5c4b5949b22348024e8fa32e5e56f3952ca7b02fb35100b2f26e869a293e81d1ceee549e36c3824',1,'93ae2dfe-dce4-4f76-810e-d0dee652fbc5','TutsForWeb','[]',0,'2021-06-28 14:59:11','2021-06-28 14:59:11','2022-06-28 14:59:11'),
('f6af7668a24f3a5651eb80a858ebc12f22c3be43b1220a5329bfa14c6bc1cd945e69b52d3b6e38a7',1,'93ae2dfe-dce4-4f76-810e-d0dee652fbc5','TutsForWeb','[]',0,'2021-06-15 14:11:02','2021-06-15 14:11:02','2022-06-15 14:11:02'),
('f873fe1d01ede95f11e67ab0e40c0ddffc4668cf30c10587960ebcd203491d343eceee66a890aabb',1,'93ae2dfe-dce4-4f76-810e-d0dee652fbc5','TutsForWeb','[]',0,'2021-06-27 18:57:32','2021-06-27 18:57:32','2022-06-27 18:57:32'),
('f9890073bdea5aa7e5edc280b9b19d50fb085d57d36e86219cfc5f26a0debf52528fc096e7a66e91',1,'93ae2dfe-dce4-4f76-810e-d0dee652fbc5','TutsForWeb','[]',0,'2021-06-27 19:03:52','2021-06-27 19:03:52','2022-06-27 19:03:52'),
('faf6178c29e90300c71596fb9dd93f5b40e28b1fcddd6c9fc5975c9e18c18eb8912814717b2aaea5',1,'93ae2dfe-dce4-4f76-810e-d0dee652fbc5','TutsForWeb','[]',0,'2021-06-19 00:05:55','2021-06-19 00:05:55','2022-06-19 00:05:55'),
('fbaaf3b663cc87c4d5876ed0580472e2f3d963264f598aa5959286a5f859b448b3e4fd65faf14379',1,'93ae2dfe-dce4-4f76-810e-d0dee652fbc5','TutsForWeb','[]',0,'2021-06-15 14:08:19','2021-06-15 14:08:19','2022-06-15 14:08:19'),
('fc26c2b25a76a9dbc6b507f798a4045175a5a3db6431958174970ce01018fda6b10f777a8e9a1131',1,'93ae2dfe-dce4-4f76-810e-d0dee652fbc5','TutsForWeb','[]',0,'2021-06-28 11:40:30','2021-06-28 11:40:30','2022-06-28 11:40:30'),
('feb0aad849faafcc3d3ee5d30e866794bea7863953281ad07a4381b6a050a7dba5d538a017e0a148',1,'93ae2dfe-dce4-4f76-810e-d0dee652fbc5','TutsForWeb','[]',0,'2021-06-27 18:24:46','2021-06-27 18:24:46','2022-06-27 18:24:46'),
('fecf7849cd26af54e23f1b57e4b4a7d921167f34f8f720685a8d40ab711256ce846783053796b432',1,'93ae2dfe-dce4-4f76-810e-d0dee652fbc5','TutsForWeb','[]',0,'2021-06-16 16:26:06','2021-06-16 16:26:06','2022-06-16 16:26:06');

/*Table structure for table `oauth_auth_codes` */

DROP TABLE IF EXISTS `oauth_auth_codes`;

CREATE TABLE `oauth_auth_codes` (
  `id` varchar(100) COLLATE utf8mb4_unicode_ci NOT NULL,
  `user_id` bigint(20) unsigned NOT NULL,
  `client_id` char(36) COLLATE utf8mb4_unicode_ci NOT NULL,
  `scopes` text COLLATE utf8mb4_unicode_ci DEFAULT NULL,
  `revoked` tinyint(1) NOT NULL,
  `expires_at` datetime DEFAULT NULL,
  PRIMARY KEY (`id`),
  KEY `oauth_auth_codes_user_id_index` (`user_id`)
) ENGINE=InnoDB DEFAULT CHARSET=utf8mb4 COLLATE=utf8mb4_unicode_ci;

/*Data for the table `oauth_auth_codes` */

/*Table structure for table `oauth_clients` */

DROP TABLE IF EXISTS `oauth_clients`;

CREATE TABLE `oauth_clients` (
  `id` char(36) COLLATE utf8mb4_unicode_ci NOT NULL,
  `user_id` bigint(20) unsigned DEFAULT NULL,
  `name` varchar(255) COLLATE utf8mb4_unicode_ci NOT NULL,
  `secret` varchar(100) COLLATE utf8mb4_unicode_ci DEFAULT NULL,
  `provider` varchar(255) COLLATE utf8mb4_unicode_ci DEFAULT NULL,
  `redirect` text COLLATE utf8mb4_unicode_ci NOT NULL,
  `personal_access_client` tinyint(1) NOT NULL,
  `password_client` tinyint(1) NOT NULL,
  `revoked` tinyint(1) NOT NULL,
  `created_at` timestamp NULL DEFAULT NULL,
  `updated_at` timestamp NULL DEFAULT NULL,
  PRIMARY KEY (`id`),
  KEY `oauth_clients_user_id_index` (`user_id`)
) ENGINE=InnoDB DEFAULT CHARSET=utf8mb4 COLLATE=utf8mb4_unicode_ci;

/*Data for the table `oauth_clients` */

insert  into `oauth_clients`(`id`,`user_id`,`name`,`secret`,`provider`,`redirect`,`personal_access_client`,`password_client`,`revoked`,`created_at`,`updated_at`) values 
('93ae24f2-8ce5-40c9-b0a7-15de798061b2',NULL,'Larafire Push Personal Access Client','j3ITlKliHuba2LLjCVDqsCE9tOrvh5jWgFyvi4Un',NULL,'http://localhost',1,0,0,'2021-06-15 12:52:14','2021-06-15 12:52:14'),
('93ae24f2-d076-4be1-9b32-ee72e36a0266',NULL,'Larafire Push Password Grant Client','ZNxPPysU9GCqLQgys1KoLwAxx5Qh7GcqQXxon6oY','users','http://localhost',0,1,0,'2021-06-15 12:52:14','2021-06-15 12:52:14'),
('93ae2dfe-dce4-4f76-810e-d0dee652fbc5',NULL,'Larafire Push Personal Access Client','IVZh7PoIapX2Gr7lW67t3CDYu2cgXoBJZWLkQbgJ',NULL,'http://localhost',1,0,0,'2021-06-15 13:17:32','2021-06-15 13:17:32'),
('93ae2dff-08df-428e-aaf8-f5349af152f3',NULL,'Larafire Push Password Grant Client','AziY9oCPo5ER87fo5eGfUXs2ydAkErNsWOrdfqn4','users','http://localhost',0,1,0,'2021-06-15 13:17:32','2021-06-15 13:17:32');

/*Table structure for table `oauth_personal_access_clients` */

DROP TABLE IF EXISTS `oauth_personal_access_clients`;

CREATE TABLE `oauth_personal_access_clients` (
  `id` bigint(20) unsigned NOT NULL AUTO_INCREMENT,
  `client_id` char(36) COLLATE utf8mb4_unicode_ci NOT NULL,
  `created_at` timestamp NULL DEFAULT NULL,
  `updated_at` timestamp NULL DEFAULT NULL,
  PRIMARY KEY (`id`)
) ENGINE=InnoDB AUTO_INCREMENT=3 DEFAULT CHARSET=utf8mb4 COLLATE=utf8mb4_unicode_ci;

/*Data for the table `oauth_personal_access_clients` */

insert  into `oauth_personal_access_clients`(`id`,`client_id`,`created_at`,`updated_at`) values 
(1,'93ae24f2-8ce5-40c9-b0a7-15de798061b2','2021-06-15 12:52:14','2021-06-15 12:52:14'),
(2,'93ae2dfe-dce4-4f76-810e-d0dee652fbc5','2021-06-15 13:17:32','2021-06-15 13:17:32');

/*Table structure for table `oauth_refresh_tokens` */

DROP TABLE IF EXISTS `oauth_refresh_tokens`;

CREATE TABLE `oauth_refresh_tokens` (
  `id` varchar(100) COLLATE utf8mb4_unicode_ci NOT NULL,
  `access_token_id` varchar(100) COLLATE utf8mb4_unicode_ci NOT NULL,
  `revoked` tinyint(1) NOT NULL,
  `expires_at` datetime DEFAULT NULL,
  PRIMARY KEY (`id`),
  KEY `oauth_refresh_tokens_access_token_id_index` (`access_token_id`)
) ENGINE=InnoDB DEFAULT CHARSET=utf8mb4 COLLATE=utf8mb4_unicode_ci;

/*Data for the table `oauth_refresh_tokens` */

/*Table structure for table `password_resets` */

DROP TABLE IF EXISTS `password_resets`;

CREATE TABLE `password_resets` (
  `email` varchar(255) COLLATE utf8mb4_unicode_ci NOT NULL,
  `token` varchar(255) COLLATE utf8mb4_unicode_ci NOT NULL,
  `created_at` timestamp NULL DEFAULT NULL,
  KEY `password_resets_email_index` (`email`)
) ENGINE=InnoDB DEFAULT CHARSET=utf8mb4 COLLATE=utf8mb4_unicode_ci;

/*Data for the table `password_resets` */

/*Table structure for table `shill` */

DROP TABLE IF EXISTS `shill`;

CREATE TABLE `shill` (
  `id` bigint(20) unsigned NOT NULL AUTO_INCREMENT,
  `name` varchar(255) COLLATE utf8mb4_unicode_ci NOT NULL,
  `handle` varchar(255) COLLATE utf8mb4_unicode_ci NOT NULL,
  `content` varchar(255) COLLATE utf8mb4_unicode_ci DEFAULT NULL,
  `image` varchar(255) COLLATE utf8mb4_unicode_ci DEFAULT NULL,
  `avatar` varchar(255) COLLATE utf8mb4_unicode_ci DEFAULT NULL,
  `comment` bigint(20) unsigned NOT NULL DEFAULT 0,
  `retweet` bigint(20) unsigned NOT NULL DEFAULT 0,
  `heart` bigint(20) unsigned NOT NULL DEFAULT 0,
  `created_at` timestamp NULL DEFAULT NULL,
  `updated_at` timestamp NULL DEFAULT NULL,
  PRIMARY KEY (`id`),
  UNIQUE KEY `shill_handle_unique` (`handle`)
) ENGINE=InnoDB AUTO_INCREMENT=42 DEFAULT CHARSET=utf8mb4 COLLATE=utf8mb4_unicode_ci;

/*Data for the table `shill` */

insert  into `shill`(`id`,`name`,`handle`,`content`,`image`,`avatar`,`comment`,`retweet`,`heart`,`created_at`,`updated_at`) values 
(9,'Jhon','@dai','doliajoife','asfawe','awefawf',0,0,0,'2021-06-15 15:58:03','2021-06-15 15:58:03'),
(10,'Hello','@ada','My Content','https://pbs.twimg.com/media/EOUrCOcWAAA71rA?format=png&name=small','https://picsum.photos/100',0,0,0,'2021-06-15 16:01:10','2021-06-15 16:01:10'),
(16,'Push notificatino','@okiok','Send notificatino from app admin authority','https://pbs.twimg.com/media/EOUrCOcWAAA71rA?format=png&name=small','https://picsum.photos/100',0,0,0,'2021-06-15 16:48:11','2021-06-15 16:48:11'),
(17,'esrgserg','awefwaea','wefawef','https://pbs.twimg.com/media/EOUrCOcWAAA71rA?format=png&name=small','https://picsum.photos/100',0,0,0,'2021-06-15 17:01:55','2021-06-15 17:01:55'),
(18,'esrgsergawerfawe','awefwaeaweafa','wefawef','https://pbs.twimg.com/media/EOUrCOcWAAA71rA?format=png&name=small','https://picsum.photos/100',0,0,0,'2021-06-15 17:02:07','2021-06-15 17:02:07'),
(19,'esrgsergawerfawe','awefwaeaweafaewaawef','wefawef','https://pbs.twimg.com/media/EOUrCOcWAAA71rA?format=png&name=small','https://picsum.photos/100',0,0,0,'2021-06-15 17:30:51','2021-06-15 17:30:51'),
(20,'New Notification','@sender_customer','This is my first new notification','https://pbs.twimg.com/media/EOUrCOcWAAA71rA?format=png&name=small','https://picsum.photos/100',0,0,0,'2021-06-15 17:35:51','2021-06-15 17:35:51'),
(21,'My New Notification','@customer_id','This is my new notification','https://pbs.twimg.com/media/EOUrCOcWAAA71rA?format=png&name=small','https://picsum.photos/100',0,0,0,'2021-06-15 17:39:11','2021-06-15 17:39:11'),
(22,'Hello','@dkiek','awefwqaefa','https://pbs.twimg.com/media/EOUrCOcWAAA71rA?format=png&name=small','https://picsum.photos/100',0,0,0,'2021-06-19 00:06:33','2021-06-19 00:06:33'),
(23,'Ddd','@dasf','Wafa','https://pbs.twimg.com/media/EOUrCOcWAAA71rA?format=png&name=small','https://picsum.photos/100',0,0,0,'2021-06-20 23:03:25','2021-06-20 23:03:25'),
(24,'New Proposal','@new','Iii','https://pbs.twimg.com/media/EOUrCOcWAAA71rA?format=png&name=small','https://picsum.photos/100',0,0,0,'2021-06-20 23:10:27','2021-06-20 23:10:27'),
(26,'New Proposal','@new33','Iiiee','https://pbs.twimg.com/media/EOUrCOcWAAA71rA?format=png&name=small','https://picsum.photos/100',0,0,0,'2021-06-20 23:11:19','2021-06-20 23:11:19'),
(27,'New Proposal','@new331','Iiiee','https://pbs.twimg.com/media/EOUrCOcWAAA71rA?format=png&name=small','https://picsum.photos/100',0,0,0,'2021-06-20 23:12:03','2021-06-20 23:12:03'),
(28,'New Proposal','@new3311','Iiiee','https://pbs.twimg.com/media/EOUrCOcWAAA71rA?format=png&name=small','https://picsum.photos/100',0,0,0,'2021-06-20 23:12:35','2021-06-20 23:12:35'),
(29,'New Proposal','@new33112','Iiiee','https://pbs.twimg.com/media/EOUrCOcWAAA71rA?format=png&name=small','https://picsum.photos/100',0,0,0,'2021-06-20 23:13:03','2021-06-20 23:13:03'),
(30,'Asdfwa','@awefkawef','Dafewawfe','https://pbs.twimg.com/media/EOUrCOcWAAA71rA?format=png&name=small','https://picsum.photos/100',0,0,0,'2021-06-21 04:31:04','2021-06-21 04:31:04'),
(32,'Asdfwa','@awefkawef2','Dafewawfe','https://pbs.twimg.com/media/EOUrCOcWAAA71rA?format=png&name=small','https://picsum.photos/100',0,0,0,'2021-06-21 04:31:19','2021-06-21 04:31:19'),
(33,'Asdfwa','@awefkawef23','Dafewawfe','https://pbs.twimg.com/media/EOUrCOcWAAA71rA?format=png&name=small','https://picsum.photos/100',0,0,0,'2021-06-21 04:31:47','2021-06-21 04:31:47'),
(34,'Dddd','@2222','Sadf','https://pbs.twimg.com/media/EOUrCOcWAAA71rA?format=png&name=small','https://picsum.photos/100',0,0,0,'2021-06-21 05:02:55','2021-06-21 05:02:55'),
(35,'Dddd','@2222aaa','Eafawf','https://pbs.twimg.com/media/EOUrCOcWAAA71rA?format=png&name=small','https://picsum.photos/100',0,0,0,'2021-06-21 05:03:27','2021-06-21 05:03:27'),
(36,'Dddd','@2222aaa2','Eafawf','https://pbs.twimg.com/media/EOUrCOcWAAA71rA?format=png&name=small','https://picsum.photos/100',0,0,0,'2021-06-21 05:03:36','2021-06-21 05:03:36'),
(37,'Aew','@aa','Awefaw','https://pbs.twimg.com/media/EOUrCOcWAAA71rA?format=png&name=small','https://picsum.photos/100',0,0,0,'2021-06-21 05:07:41','2021-06-21 05:07:41'),
(38,'asdf','@awea','awfwaef','https://pbs.twimg.com/media/EOUrCOcWAAA71rA?format=png&name=small','https://picsum.photos/100',0,0,0,'2021-06-21 06:02:09','2021-06-21 06:02:09'),
(39,'Aw','@awef','Awef','https://pbs.twimg.com/media/EOUrCOcWAAA71rA?format=png&name=small','https://picsum.photos/100',0,0,0,'2021-06-21 06:13:51','2021-06-21 06:13:51'),
(40,'awfeawfe','@afwe','awefawef','https://pbs.twimg.com/media/EOUrCOcWAAA71rA?format=png&name=small','https://picsum.photos/100',0,0,0,'2021-06-24 06:00:31','2021-06-24 06:00:31'),
(41,'Denis','@testmessage','Push Notification from app admin','https://pbs.twimg.com/media/EOUrCOcWAAA71rA?format=png&name=small','https://picsum.photos/100',0,0,0,'2021-06-26 22:31:30','2021-06-26 22:31:30');

/*Table structure for table `users` */

DROP TABLE IF EXISTS `users`;

CREATE TABLE `users` (
  `id` bigint(20) unsigned NOT NULL AUTO_INCREMENT,
  `first_name` varchar(255) COLLATE utf8mb4_unicode_ci NOT NULL,
  `last_name` varchar(255) COLLATE utf8mb4_unicode_ci NOT NULL,
  `email` varchar(255) COLLATE utf8mb4_unicode_ci NOT NULL,
  `email_verified_at` timestamp NULL DEFAULT NULL,
  `password` varchar(255) COLLATE utf8mb4_unicode_ci NOT NULL,
  `avatar` varchar(255) COLLATE utf8mb4_unicode_ci DEFAULT 'https://clipground.com/images/account-logo-png-8.jpg',
  `rank` bigint(20) unsigned DEFAULT NULL,
  `role` int(11) NOT NULL DEFAULT 1,
  `active` int(11) NOT NULL DEFAULT 0,
  `remember_token` varchar(100) COLLATE utf8mb4_unicode_ci DEFAULT NULL,
  `fcm_token` text COLLATE utf8mb4_unicode_ci DEFAULT NULL,
  `created_at` timestamp NULL DEFAULT NULL,
  `updated_at` timestamp NULL DEFAULT NULL,
  PRIMARY KEY (`id`),
  UNIQUE KEY `users_email_unique` (`email`)
) ENGINE=InnoDB AUTO_INCREMENT=4 DEFAULT CHARSET=utf8mb4 COLLATE=utf8mb4_unicode_ci;

/*Data for the table `users` */

insert  into `users`(`id`,`first_name`,`last_name`,`email`,`email_verified_at`,`password`,`avatar`,`rank`,`role`,`active`,`remember_token`,`fcm_token`,`created_at`,`updated_at`) values 
(1,'Liu','Xing','user@gmail.com',NULL,'$2y$10$YnO3HSxKWaK0349P.XS3wOPLLCC19X3ZyTH956i16wKlveNIV5Nee','file:///data/user/0/com.hanzoapp/cache/rn_image_picker_lib_temp_c99feb5c-1f45-4d3a-8ce9-5d72568acbed.jpg',NULL,1,1,NULL,'dgwRTKMKR_C_PRx4H8Nh7Z:APA91bFXZOi6uHBHtWxzJlC7Z4I8IPQUXpavrJ0_rqLKThEDkcAOEAk0q2z83xtbFguUeqsdJKPFFr1U2q6WiElIzoXFX0d5KvPLa864vfmqICnjd62gv1dc9zb1eKANhI8jEvT7x0hK','2021-06-15 12:55:41','2021-06-29 11:00:39'),
(2,'Admin','Admin','admin@admin.com',NULL,'$2y$10$jBE87R7bL.GR6NS/URhhOO.BdSLazf2NxXzMUXHxSj6f8EJgbA9Vu','https://clipground.com/images/account-logo-png-8.jpg',NULL,1,1,NULL,'dgwRTKMKR_C_PRx4H8Nh7Z:APA91bFXZOi6uHBHtWxzJlC7Z4I8IPQUXpavrJ0_rqLKThEDkcAOEAk0q2z83xtbFguUeqsdJKPFFr1U2q6WiElIzoXFX0d5KvPLa864vfmqICnjd62gv1dc9zb1eKANhI8jEvT7x0hK','2021-06-15 14:34:56','2021-06-26 22:20:34');

/*!40101 SET SQL_MODE=@OLD_SQL_MODE */;
/*!40014 SET FOREIGN_KEY_CHECKS=@OLD_FOREIGN_KEY_CHECKS */;
/*!40014 SET UNIQUE_CHECKS=@OLD_UNIQUE_CHECKS */;
/*!40111 SET SQL_NOTES=@OLD_SQL_NOTES */;
